Name,Class,rt.sd,rt,RI,Blank,Pool,S48,E0,E0,Pool,S48,S0,S0,S0,E48,Pool,Blank,Pool,E0,S48,S0,S48,Pool,E0,S48,Blank,Pool,Blank,Pool,E48,E48,Pool,E48,E48,E0,S0,Blank,Pool
,Unknown,"0,0051","6,079",NA,1902955,2030660,2029831,2142560,2161518,2311589,2207735,1979878,1998315,1997973,1927563,1920577,0,2149339,0,2003246,2030312,1939155,1996961,2052888,2025853,0,0,0,2214573,1983584,1972737,2042556,1984388,2014153,2035889,2046307,0,2061639
,Unknown,"0,004","3,903",NA,1678719,610463,166885,485396,538088,0,0,786113,0,252829,128623,326192,0,1517629,0,554297,649149,339746,529080,782605,333448,0,179469,0,574512,748388,652714,402308,529370,431699,544439,0,0,0
Ethanolamine 3TMS,Unknown,"0,0047","5,941",NA,869650,0,0,0,0,0,0,0,0,0,809596,0,0,0,0,0,0,0,0,0,0,0,0,0,1114733,1135016,0,0,0,985465,1071786,0,0,0
FAME C10,Unknown,"0,0042","6,305",NA,642663,620149,591563,548503,582724,674605,621134,669482,625135,681520,563966,659309,681561,769026,622493,708278,664022,650058,696685,696845,724477,660397,728503,648703,758846,750598,778352,797780,761493,753425,789694,781075,653001,744796
FAME C09,Unknown,"0,0033","5,367",NA,506148,526279,485269,408922,430082,527277,451404,587112,473753,593207,423765,539070,717210,714818,578173,647157,602121,508082,628964,605768,632118,635101,574574,624454,637222,669860,692676,711087,656368,621365,664317,674971,607668,578337
,Unknown,"0,0055","3,04",NA,522668,535563,0,310280,304588,0,0,0,0,0,0,264929,0,1192865,0,0,0,0,0,0,0,0,0,0,507528,698715,637015,0,0,0,0,0,0,0
FAME C12,Unknown,"0,0038","8,041",NA,435359,562596,484904,527112,600829,599546,608727,551672,518161,546450,538321,548070,446057,598140,498560,562951,554002,543079,573277,608685,584347,460438,662359,497966,668208,623535,676681,634989,641916,591013,660558,708953,497270,690838
FAME C08,Unknown,"0,0035","4,375",NA,337781,314593,286379,240504,258155,287440,250568,395334,286122,385060,294348,354318,506235,484991,397926,456211,404467,325875,404424,412197,425660,438274,342000,494113,384058,512500,498470,484627,483093,446953,481982,429898,425606,331137
FAME C14,Unknown,"0,0042","9,594",NA,339128,0,0,0,0,0,0,0,0,0,0,0,395681,0,0,0,0,0,0,0,0,400846,0,458928,0,0,0,0,0,0,0,0,435859,0
FAME C16,Unknown,"0,0032",11,NA,263510,0,0,0,0,0,0,0,0,0,0,0,350520,0,0,0,0,0,0,0,0,323181,0,338697,0,0,0,0,0,0,0,0,345206,0
,Unknown,"0,0041","4,801",NA,145777,0,0,0,156939,0,0,0,0,0,0,0,143500,0,0,0,0,0,0,0,0,163488,0,160049,0,0,0,0,0,0,0,0,169908,0
FAME C18,Unknown,"0,0033","12,28",NA,94837,130471,131647,124645,135288,152581,158285,159860,163705,163683,167178,163362,167120,159977,152421,157791,162597,156077,164416,167674,164015,151837,191156,137941,170753,155386,171246,176424,176972,183871,168885,196467,159027,213921
FAME C20,Unknown,"0,0022","13,459",NA,96290,94536,97940,106389,104157,116202,117173,132469,130834,128527,136812,124833,92857,130703,84023,135656,121695,134903,128684,131027,134579,92358,141857,88100,138935,130818,151523,138613,148908,146884,139919,159754,91542,167435
Palmitic acid TMS,Unknown,"0,0015","11,456",NA,85291,394493,405789,368017,336369,698109,563536,347574,447790,401648,454492,450751,3384358,849655,438539,348880,478882,386920,680268,621035,341444,255091,1034119,166991,656757,474525,508889,734818,539948,540558,568614,441993,211112,901753
B-Alanine 3TMS,Unknown,"0,0054","6,518",NA,82782,0,0,0,0,0,0,0,0,0,301933,0,0,0,0,246359,0,235553,0,0,290924,0,0,0,0,251449,359836,0,328815,284376,185147,0,0,0
FAME C24,Unknown,"0,0027","15,578",NA,80108,77396,70574,83991,83554,95800,55052,66582,65652,69057,90985,81171,0,101582,0,80372,59614,85850,103152,120678,55451,24897,106809,16564,83396,105444,104448,75334,106072,113644,104343,0,21518,63555
,Unknown,"0,0029","6,194",NA,78697,0,0,122027,118841,0,0,0,0,0,0,0,0,0,0,0,0,0,0,0,0,0,0,0,0,0,0,0,0,184263,176279,0,0,0
Stearic acid TMS,Unknown,"0,0082","12,676",NA,72950,0,0,0,0,0,0,0,0,0,0,0,3454624,636394,253956,0,0,0,0,0,0,105956,476451,145133,371762,0,0,387957,0,0,317265,0,175405,493754
Ethanolamine 3TMS,Unknown,"0,0041","4,546",NA,39117,0,0,0,0,0,0,0,0,0,0,0,938875,0,0,0,0,0,0,0,0,326810,0,457705,0,0,0,0,0,0,0,0,237228,0
FAME C26,Unknown,"0,0027","16,534",NA,39749,0,0,0,0,0,0,0,0,0,0,0,53819,0,0,0,0,0,0,0,0,43345,0,19846,0,0,0,0,0,0,0,0,28338,0
,Unknown,"0,0034","3,244",NA,28880,432067,259832,0,590319,460727,0,390358,0,430007,362578,170704,0,190483,0,0,0,550724,190273,0,0,0,0,0,0,260916,464567,0,417583,474996,0,580436,0,0
1-Piperidinecarboxaldehyde,Unknown,"0,0046","5,782",NA,30568,32563,34814,37753,38838,39276,33562,34635,34527,31273,35667,34253,0,37499,0,25245,36419,34231,38232,29678,38322,0,43626,0,35805,39536,48182,35759,40515,41131,39396,32290,0,36182
Glycerol 3TMS,Unknown,"0,0011","4,847",NA,6935,63107,0,0,40620,0,0,0,0,0,0,0,0,76869,57051,0,80923,0,84989,66543,0,9199,0,9810,0,77896,0,99569,0,0,0,0,12738,0
Sucrose 8TMS,Unknown,"0,0028","13,882",NA,0,11961930,0,11725143,11701638,11544363,0,0,0,0,10158292,10512207,0,11047110,10626073,0,0,0,10891319,10926898,0,0,11046854,0,0,11282807,10611111,0,11246441,10784102,11396039,0,0,0
Glucose,Unknown,"0,0037","9,753",NA,0,7512406,9612436,6355809,7209929,8965999,7770141,8189289,6988171,7176585,6632019,6962442,0,7697705,6152702,6262591,7274695,7429598,7125208,7046050,6387754,0,7342136,0,8095014,5694145,6535170,7408940,6845715,6826691,5766079,7235021,0,7775599
Glucose,Unknown,"0,0026","9,877",NA,0,5089831,5380546,1609955,3460915,4785323,3321022,4703955,3900482,4443595,4066098,4001531,0,4253246,2892163,3491591,4312329,4344809,3928519,3939771,3013988,0,4090791,0,4522384,2249581,3262346,3796929,3842351,3380130,2737862,3669744,0,4144497
Alanine TMS,Unknown,"0,0021","3,493",NA,0,4749711,4804852,3252495,4618226,3638545,6318053,4947266,4201867,4263167,872431,4734118,0,5717219,2991487,6335064,4840103,5505790,4272785,4587216,3411012,0,3565359,0,4949740,1263017,1589343,4619826,874625,688829,2966442,3513580,0,3624286
L-Asparagine 3TMS,Unknown,"0,0021","9,077",NA,0,4497994,3732716,4558271,5994420,4777443,4828123,4252485,2139066,3019346,2995712,4234104,0,5378242,2439240,4454931,4873542,4151162,4434436,5257617,4832785,0,4299559,0,4927970,4447846,4708919,4294485,4650953,3214661,3865850,5528365,0,3949190
Malic acid 3TMS,Unknown,"0,0052","7,292",NA,0,4513666,4547220,3515675,3785594,4376487,5464542,3073769,1776459,541824,3232468,3938641,0,3723995,4546597,800836,3379286,2884289,4102263,4458079,3847211,0,4692930,0,4114260,2243891,3769819,3720684,3461046,3347690,2785181,2638896,0,4799314
Chlorogenic acid TMS,Unknown,"0,0021","16,848",NA,0,3803314,3201747,4176379,4445245,4153519,2395116,2089403,2153005,1918223,3307578,2940171,0,3449448,3375307,3080407,2369364,2052106,3438272,3481055,1791051,0,3439323,0,3439935,3284113,3675339,2976565,3708446,3708634,3162764,1450261,0,2929791
Myo-inositol 6TMS,Unknown,"0,0027","10,764",NA,0,3246610,3666124,2035723,3148206,3357707,3708285,2677199,2671970,2554986,3879772,2972242,0,2839530,1222221,3401607,2605123,2630189,2987625,2432771,3166133,0,3314854,0,2828432,1641163,4223497,2981300,2409912,3387966,1362668,2713146,0,3192351
Fructose 1MEOX 5TMS,Unknown,"0,003","9,654",NA,0,3314492,3371017,0,2864044,3530414,3224260,0,0,0,0,2695085,0,2864530,2510246,2683867,3015430,2869723,2720948,0,2457325,0,2788200,0,2937526,2615885,0,2662332,0,0,2758388,3032519,0,2751444
Asparagine 4TMS,Unknown,"0,004","7,91",NA,0,2844286,1299756,2461120,5688612,1697389,3757479,2389999,589537,1837114,1006186,2532952,0,2886161,449828,3250531,3445965,1660744,1653203,3130894,2300775,0,879655,0,1821628,2314079,2043897,1530814,2230805,629410,1595095,5585371,0,1615856
GABA 3TMS,Unknown,"0,0049","7,474",NA,0,2417045,2407144,2172834,2729047,2269904,2895820,2330708,2673634,2127297,0,2111278,0,2435576,1180503,2928030,2584584,2652806,2175865,2292871,2953340,0,2061713,0,2332005,0,0,2085890,0,0,1482228,2663002,0,2095733
Chlorogenic acid,Unknown,"0,0025","17,264",NA,0,2525787,1868413,4754277,6427117,2825873,0,616819,946092,0,3418955,1493209,0,3745525,4960815,1778791,1304013,1165042,2375240,4937434,849385,0,2306972,0,2033591,3351750,5175030,1423682,4987687,4331280,2656438,0,0,1092796
Asparagine dehydrated 2TMS,Unknown,"0,0047","8,169",NA,0,1835525,1157057,1448909,2122915,2848002,3383947,2515122,1659215,2947341,2332948,3093845,0,894906,287566,1756560,2333863,2544258,2755966,2005741,2989474,61232,2909142,0,2141686,1514099,2042572,2696711,2578468,878145,2273429,3402416,167484,3095663
,Unknown,"0,004","11,04",NA,0,1619162,1420240,1101870,1325011,2520218,2629543,1951898,1941329,2358155,1609538,1699188,0,1476913,737752,1676719,1870807,1811642,1831083,1386127,2701898,0,2293739,0,1404336,1099251,922034,1812162,1306543,1438223,781177,2966005,0,2299741
Chlorogenic acid,Unknown,"0,0034","17,187",NA,0,1329267,0,0,3678224,1619093,0,0,0,0,0,0,0,1934963,3577135,1121965,0,0,1270690,3491585,0,0,1364386,0,1013859,1742311,2343837,0,0,0,1256373,0,0,685874
L-Glutamic acid 3TMS,Unknown,"0,0042","8,372",NA,0,1235310,2100324,837084,1458191,1337344,1935881,486629,0,334889,1484543,1295621,0,1288262,1276305,2069770,534226,1708527,1160502,1714594,2351252,0,1176893,0,1344369,1397199,2370444,1234677,2002657,1656997,841814,891133,0,1265357
,Unknown,"0,0028","7,559",NA,0,1271908,1182690,0,0,0,0,0,0,0,0,0,0,1421599,0,0,0,0,0,0,0,0,0,0,1286792,0,0,1275113,0,0,0,0,0,0
,Unknown,"0,0086","13,846",NA,0,1120229,1131688,1151134,1154035,1155302,1192655,0,973769,1026585,0,945918,0,983268,0,0,0,1046409,977527,981441,0,0,1081489,0,985594,0,0,1067659,0,0,0,0,0,949507
,Unknown,"0,0024","12,99",NA,0,935328,887694,566143,969739,1355812,1617225,960194,1075897,1352381,1115378,1132764,0,1081710,757329,1365116,857726,1225344,1141890,1057617,1562043,0,1344961,0,922596,802792,1124509,1083753,1324904,1032682,605824,1880208,0,1347298
,Unknown,"0,0049","11,146",NA,0,985462,7827170,846370,1179282,5001150,10153473,6460659,5674247,5735712,2875668,0,0,0,0,811620,1595384,789101,1147854,1885537,3517453,0,2479617,0,0,451154,757520,1153003,804533,2930428,519564,6359844,0,2648899
,Unknown,"0,0045","5,536",NA,0,904656,603122,3775991,3865862,0,455382,603221,461372,0,4061644,1157468,0,1221631,3198097,347170,556511,301027,1322855,3743652,407366,0,0,0,995930,2301272,4408215,1333454,3890364,3674359,3755937,588276,0,0
,Unknown,"0,0046","16,968",NA,0,761272,0,0,0,852603,0,0,393525,0,0,0,0,0,0,0,0,0,817784,0,0,0,789899,0,823604,0,0,520202,0,0,0,0,0,0
,Unknown,"0,0031","6,872",NA,0,753233,403339,377191,420465,730745,1500682,965938,727866,1382188,781761,1635798,0,373961,0,692310,924141,1190147,1251616,631129,1117155,71764,1087604,0,1025629,511719,644355,1274822,1087981,325894,736762,3136298,199798,1470733
,Unknown,"0,0031","6,058",NA,0,710640,759797,867185,865658,1073255,1058929,1083424,1087194,1183732,965587,671919,0,907355,0,928924,984758,864955,977198,1033021,1132425,0,0,0,854723,891855,934719,1091347,918036,961212,1002348,1013693,0,983951
,Unknown,"0,0031","17,498",NA,0,593636,372864,708329,1293745,661716,0,0,0,0,348520,316093,0,939992,1111377,544201,257020,0,525449,1525151,0,0,540806,0,452757,731538,844301,333450,597475,482807,461851,0,0,276917
,Unknown,"0,0031","4,288",NA,0,574863,577934,436754,391813,679286,818214,855320,795640,1029319,471465,1224442,101746,945740,731675,831769,627712,621523,905013,766306,1172336,180807,892726,127486,732538,869596,768006,905251,733673,718617,557993,1028305,174028,730620
Valine 2TMS,Unknown,"0,0047","4,535",NA,0,540166,670790,373983,499356,493249,995675,1172410,707925,848584,397310,598862,0,781118,0,1131122,847590,686111,698763,785295,1246545,0,490371,0,678747,390067,677227,717620,593053,501753,373547,1213019,0,471598
,Unknown,"0,0033","10,458",NA,0,763411,1410388,0,661192,1158734,1584438,1086564,970510,1244343,543568,262191,0,0,0,822973,682863,709493,445644,386160,1478949,0,871100,0,0,0,0,420803,0,504105,0,1585535,0,818039
,Unknown,"0,0036","4,917",NA,0,444088,0,0,0,3771258,0,0,0,0,0,0,0,0,0,0,0,0,1439153,0,0,0,3451312,0,0,0,0,1284833,0,0,0,0,0,3201702
,Unknown,"0,0027","15,708",NA,0,331258,0,738868,694358,427854,0,0,0,0,494004,377195,0,460076,637701,0,0,0,440752,982667,0,0,450389,0,328774,601699,446980,273678,545044,529943,558581,0,0,283330
,Unknown,"0,0023","18,179",NA,0,338663,243191,305976,351247,318661,0,0,0,0,0,0,0,531689,360552,643299,326710,0,299772,364367,379078,0,297373,0,296084,338935,247469,220547,270707,238150,172674,0,0,0
FAME C16,Unknown,"0,006","11,006",NA,0,316527,325633,334209,333940,388343,0,377445,332371,0,359106,339039,0,387618,338947,387005,381331,388628,392049,423289,329964,0,392508,0,400403,388056,355402,415406,367463,343855,381822,0,0,430879
Aspartic acid 3TMS,Unknown,"0,0022","7,55",NA,0,296815,282943,0,0,0,0,0,101553,141840,0,0,0,334169,0,0,0,0,0,0,217146,0,0,0,299413,0,0,317342,0,0,0,0,0,0
Quinic acid 5TMS,Unknown,"0,004","9,531",NA,0,267947,301333,0,253888,317740,237872,266941,307286,240297,446359,260501,0,222010,0,206796,238888,265300,255339,382833,0,0,277356,0,222514,305890,0,259363,384565,0,142005,256380,0,282657
Asparagine 4TMS,Unknown,"0,0034","6,189",NA,0,250582,206383,0,0,0,0,0,0,0,113594,191584,0,138782,0,0,283652,0,0,0,0,0,0,0,260246,0,0,0,0,0,0,0,0,0
,Unknown,"0,004","7,688",NA,0,247107,243226,432919,867557,734347,1379990,1245465,455216,953857,719563,346875,0,235739,0,219590,560058,523766,555746,543108,792465,0,1066048,0,250517,342877,477749,505947,804954,300899,743237,2225324,0,788488
,Unknown,"0,0038","16,096",NA,0,237753,0,349560,316665,318791,0,0,0,0,225384,267337,0,347379,228082,235096,0,0,310825,490468,172513,0,326093,0,281281,443246,208528,237079,239517,282626,298170,0,0,255711
Isoleucine 2TMS,Unknown,"0,0041","5,297",NA,0,204749,262384,194037,216383,212891,403632,422744,332476,313115,0,243083,0,268543,216178,446043,276236,225739,254114,429240,387156,0,225483,0,267328,0,0,325081,0,0,0,503162,0,235342
Serine 3TMS,Unknown,"0,0025","5,918",NA,0,203803,0,165388,0,0,0,0,0,0,153862,0,0,255574,0,0,0,0,0,0,0,0,0,0,243593,164360,0,269580,219421,175842,216256,0,0,0
,Unknown,"0,0043","4,701",NA,0,196236,193111,166417,169948,0,186036,237681,206418,257424,187104,230013,0,282327,0,276916,269421,222786,246692,256528,276349,0,0,0,267111,256217,299456,303557,289631,272618,0,279239,0,226283
Leucine 2TMS,Unknown,"0,0057","5,074",NA,0,194758,238261,186037,201576,227609,351183,416865,360390,351417,0,264086,0,252185,238001,506091,254424,229816,261933,394877,470463,0,248193,0,265712,0,177049,332713,167577,147321,147381,459565,0,269585
Itaconic acid,Unknown,"0,0044","6,402",NA,0,186465,338449,420406,288426,240714,344007,210627,341002,326906,594214,488107,0,232287,301973,266279,313873,327873,441999,420426,415289,156278,410260,141566,339217,276566,424907,493810,671371,586305,420702,456643,130194,420312
Stearic acid TMS,Unknown,"0,004","12,671",NA,0,182973,167053,159372,149151,275333,245848,143954,179121,158582,193326,198731,0,0,0,168087,207861,172353,268421,0,155082,0,0,0,0,233383,283624,0,264241,278500,0,220470,0,0
,Unknown,"0,0061","9,774",NA,0,161807,154356,430184,0,281610,250029,108230,0,118803,0,154796,0,157708,0,76112,65880,0,188279,0,115051,0,258009,0,139185,0,0,140019,0,0,0,83275,0,181309
Raffinose 11TMS,Unknown,"0,0042","16,939",NA,0,227059,0,199576,335948,262958,96865,0,119164,0,76159,0,0,0,260699,80226,0,97340,245514,0,67745,0,236353,0,249478,45828,0,173901,0,0,97777,0,0,0
,Unknown,"0,004","17,144",NA,0,108481,114372,0,63165,126103,131715,51345,71904,143315,0,93089,0,165423,47249,251917,115068,103473,129560,77005,161637,0,125644,0,138169,103155,40752,106564,0,0,0,109458,0,104492
,Unknown,"0,0046","5,563",NA,0,93737,0,0,0,246962,0,0,0,0,0,131441,0,0,0,0,146104,0,154499,0,0,0,220797,0,138353,0,0,175859,0,0,0,0,0,180319
Allantoin 4TMS,Unknown,"0,0039","10,547",NA,0,72316,0,0,0,54131,89157,85083,35937,44356,31913,0,0,0,44673,0,0,0,69537,0,76671,0,47552,0,0,0,0,69235,30063,0,0,114166,0,61697
,Unknown,"0,0022","4,817",NA,0,67520,0,70366,0,0,0,80327,0,75197,0,67897,0,94298,72405,88274,82214,72381,97065,84252,87399,0,95838,0,80903,100583,102188,105322,95411,96412,96998,93490,0,0
Lysine 4TMS,Unknown,"0,0034","10,127",NA,0,75313,66893,0,0,104355,0,0,60014,0,0,111018,0,0,0,131840,75391,81067,101577,0,0,0,103818,0,98651,0,44380,84215,0,0,0,0,0,86922
Glycine 3TMS,Unknown,"0,0053","5,388",NA,0,84041,42281,0,0,86756,94863,0,0,0,49538,93997,0,100202,0,0,0,83114,110779,0,0,0,97491,0,88894,60291,69598,112801,74356,46802,0,0,3078,90733
,Unknown,"0,0033","17,41",NA,0,71334,0,0,0,78319,0,0,0,0,0,0,0,112421,0,0,0,0,70182,0,0,0,66500,0,51645,95376,0,39448,0,0,53585,0,0,0
Oxalic acid,Unknown,"0,0069","3,755",NA,0,54898,0,0,0,97306,0,0,0,0,0,0,0,78535,87444,88879,0,0,0,0,0,0,0,0,0,0,0,0,0,0,0,0,0,0
Ethanolamine 3TMS,Unknown,"0,0021","4,721",NA,0,51979,43729,43415,60076,0,0,68369,67632,47304,48573,65859,0,69075,0,81268,81244,68699,66386,98010,69117,0,0,0,54293,74805,59855,65369,55188,55949,95782,80456,0,0
Putrescine 4TMS,Unknown,"0,0011","8,528",NA,0,51447,29651,23385,44928,60910,94293,91644,124646,81682,47218,69386,0,59187,38940,105447,62469,108379,72721,56440,169155,0,74064,0,65143,35916,45048,75302,57014,42701,44357,148275,0,82210
,Unknown,"0,0053","10,831",NA,0,51140,58410,0,0,0,0,0,0,0,39892,59257,0,0,0,0,0,0,68071,0,0,0,62742,0,51621,0,45065,68301,0,32864,0,0,0,66492
,Unknown,"0,0066","10,034",NA,0,58043,0,0,0,0,0,0,0,0,0,0,0,0,0,0,70658,0,0,0,0,0,0,0,66302,0,0,59938,0,0,0,0,0,61800
,Unknown,"0,0032","16,971",NA,0,42535,0,0,0,46658,0,0,0,0,0,0,0,0,52577,0,0,0,46438,0,0,0,0,0,0,0,0,39366,0,0,26208,0,0,0
FAME C26,Unknown,"0,0021","16,529",NA,0,43959,46000,0,48270,56379,44116,31128,33271,38396,36857,38021,0,62998,57214,0,51370,58237,63146,70229,46187,0,62565,0,38657,55743,57596,39756,50340,50887,0,0,0,28349
,Unknown,"0,004","12,081",NA,0,36728,0,0,0,51625,59784,56272,56297,0,0,0,0,43542,0,0,44230,57005,52183,0,0,0,62452,0,44217,0,0,50366,0,0,0,0,0,65351
,Unknown,"0,0073","3,939",NA,0,34983,0,0,0,0,0,0,0,0,0,0,0,0,0,23411,26730,0,0,0,0,0,0,0,24669,0,25445,0,0,0,25394,0,0,0
,Unknown,"0,0054","9,959",NA,0,33071,33482,0,0,0,0,0,0,0,0,0,0,0,0,0,0,0,0,0,0,0,25187,0,0,0,0,0,0,0,0,28030,0,21802
,Unknown,"0,0051","4,548",NA,0,29721,0,0,41787,0,0,0,0,0,0,24512,0,51367,0,91895,63874,53464,0,63718,0,0,0,0,30484,45746,46073,0,48226,0,45689,0,0,0
,Unknown,"0,0034","5,738",NA,0,25034,21599,0,27564,27460,23210,25561,21979,24240,21948,28884,0,0,0,32625,29722,24908,27700,31560,26104,0,28219,0,0,0,0,0,0,0,0,29627,0,30731
,Unknown,"0,0058","15,369",NA,0,24930,41048,0,0,28409,23360,26091,23096,32732,0,28801,0,33673,0,36517,22487,27525,31319,0,30048,0,33018,0,38239,0,0,31163,0,0,0,12797,0,29109
,Unknown,"0,0047","15,431",NA,0,24421,0,0,0,0,0,37517,26987,25947,0,0,0,27698,0,0,0,30025,0,0,0,0,0,0,0,0,0,0,0,0,0,0,0,0
,Unknown,"0,0033","16,302",NA,0,27425,0,54374,44239,29255,0,0,0,0,28386,25706,0,35560,33938,0,0,0,31786,65636,0,0,34369,0,24403,0,36370,20553,33419,36695,54497,0,0,20054
Phenylalanine 2TMS,Unknown,"0,0027","8,757",NA,0,23889,24476,26873,31051,28497,44317,0,0,37571,0,32288,0,29232,36774,0,37195,22236,28615,46994,0,0,31569,0,30046,0,0,35611,0,0,19392,0,0,38837
,Unknown,"0,0055","6,598",NA,0,20287,0,17526,34147,0,43655,28052,0,0,65041,32827,0,29567,0,31613,49884,34683,32790,38212,41778,0,0,0,26339,47168,117393,34603,99740,51298,0,63822,0,0
,Unknown,"0,0047","6,5",NA,0,22212,16938,18324,18665,23243,0,0,0,0,0,0,0,0,0,0,0,24424,23449,0,26483,0,0,0,0,0,0,0,0,0,0,0,0,0
Caffeic acid,Unknown,"0,004","12,241",NA,0,21586,46079,0,0,40054,60477,45710,0,0,0,0,0,13561,0,26754,35614,0,0,0,53492,0,0,0,0,0,0,0,0,0,0,71754,0,0
Methionine 2TMS,Unknown,"0,0047","7,831",NA,0,21503,23028,26028,32620,0,38732,30591,23515,22742,17541,25630,0,21940,15203,28026,23843,27341,0,44320,33579,0,20431,0,26319,15594,27072,24873,0,18652,22600,40341,0,22806
,Unknown,"0,0039","18,022",NA,0,17751,16051,0,6875,16647,0,5751,8530,0,3573,0,0,0,6655,0,0,0,18312,11104,0,0,17140,0,15190,0,5416,0,0,0,4053,0,0,0
,Unknown,"0,0066","7,733",NA,0,17131,0,19310,0,30066,0,0,32509,37580,234904,51672,0,0,0,10838,0,0,34426,26887,0,0,0,0,26069,77644,150756,42562,246372,0,61743,0,0,57611
,Unknown,"0,0055","3,41",NA,0,14227,0,0,14260,0,0,0,0,0,0,16147,0,14910,0,28985,0,0,0,0,0,0,0,0,17037,0,0,0,0,0,0,0,0,0
,Unknown,"0,0017","4,986",NA,0,13085,9656,15807,18069,18124,9104,9748,11531,6126,24651,13588,0,18680,16007,13419,12883,7862,17115,24996,10307,0,18827,0,9792,27118,31154,14999,43792,34940,15685,13957,0,15264
,Unknown,"0,0058","15,097",NA,0,12853,0,0,0,13390,6095,6828,7014,7993,14391,14770,0,17825,0,7197,5467,13563,12745,24287,3583,0,14007,0,17571,0,14793,11369,14397,14551,22274,3165,0,7988
,Unknown,"0,0046","7,794",NA,0,11847,0,0,0,14189,20121,18536,0,17896,0,19396,0,24618,0,15316,24431,19749,20378,16681,23324,0,21447,0,21594,21810,18008,22002,19125,0,20673,49813,0,23116
"Fumaric acid, 2-methyl- 2TMS",Unknown,"0,0033","6,664",NA,0,10072,18616,21272,15295,0,18083,12643,18153,19733,0,0,0,0,0,13708,18048,20827,0,23009,23989,0,23166,0,20312,14688,19394,0,0,0,0,22796,0,23479
,Unknown,"0,0048","15,125",NA,0,8841,9479,0,0,9824,0,0,0,8181,0,9222,0,11025,0,4609,0,4644,11024,0,0,0,10736,0,9607,0,0,7658,0,0,0,0,0,0
,Unknown,"0,0048","11,255",NA,0,8409,0,12840,0,12508,7859,8095,8769,0,18984,0,0,0,13866,9281,0,7503,10930,22447,8116,0,13117,0,9751,13682,17890,12573,19704,15851,11837,8781,0,15768
,Unknown,"0,0035","8,908",NA,0,8935,0,0,0,11994,0,0,0,0,0,0,0,8340,0,0,11357,12519,0,0,0,0,0,0,0,5491,0,0,0,0,5876,0,0,0
,Unknown,"0,0035","16,423",NA,0,8090,8539,0,0,9222,11603,5172,0,9282,0,7897,0,0,0,0,6853,7966,9645,0,8303,0,10610,0,9410,0,10239,8031,9905,0,0,0,0,7740
,Unknown,"0,0035","12,113",NA,0,7981,6591,0,0,0,0,0,0,0,0,0,0,0,0,8153,0,0,8241,0,0,0,0,0,7345,0,0,0,0,0,0,0,0,0
,Unknown,"0,0042","7,714",NA,0,7543,15008,12850,19654,30059,66909,40061,35605,67364,0,7696,0,5394,0,18136,15421,25579,19852,18064,46468,0,38835,0,6277,5671,0,19081,0,0,15868,79830,0,35486
,Unknown,"0,0013","7,138",NA,0,6407,0,0,8857,8396,4386,4727,4093,7449,0,0,0,0,0,0,0,0,0,0,0,0,0,0,0,0,0,0,0,0,0,12615,0,0
,Unknown,"0,0038","17,027",NA,0,6554,4944,0,0,7343,5886,0,3696,4883,0,5222,0,9444,0,0,5192,0,7132,0,0,0,7311,0,7370,0,0,5685,0,0,0,4551,0,5208
,Unknown,"0,0018","9,184",NA,0,6468,7444,5616,8314,9488,11125,0,0,0,0,0,0,0,0,0,8546,8774,7697,8395,11788,0,9051,0,6060,0,0,0,0,0,0,0,0,9713
,Unknown,"0,0053","10,066",NA,0,7593,0,22850,0,0,0,0,0,0,35666,0,0,0,0,0,0,0,0,0,0,0,0,0,33988,21411,0,0,31215,20937,0,0,0,0
,Unknown,"0,0047","9,408",NA,0,6893,5816,0,0,0,0,6350,6963,6820,0,0,0,6694,0,0,0,6860,6706,0,0,0,0,0,0,0,0,6817,0,0,0,0,0,0
,Unknown,"0,0068","16,398",NA,0,6036,5515,0,8484,0,4107,0,0,0,0,0,0,0,0,0,4534,0,0,0,6087,0,0,0,0,0,0,5986,0,0,0,0,0,0
,Unknown,"0,0009","11,565",NA,0,4411,4190,5577,8036,6210,6729,9368,8370,11230,3953,7463,0,5369,3694,10870,6146,7206,7042,0,8026,0,0,0,5947,2859,0,7998,3856,0,0,12077,0,10176
,Unknown,"0,0047","10,197",NA,0,4311,0,0,0,0,0,0,0,0,0,0,0,4621,0,0,0,0,0,0,0,0,0,0,0,4772,0,0,5449,5099,0,0,0,0
,Unknown,"0,006","14,979",NA,0,3722,0,0,0,0,2737,0,0,5142,0,5049,0,5440,0,0,0,4099,5412,0,0,0,0,0,0,0,0,0,0,0,0,0,0,0
,Unknown,"0,0073","15,932",NA,0,3517,0,0,0,4930,0,0,0,0,0,3895,0,5386,0,0,0,0,5247,0,0,0,5518,0,4181,0,0,3524,0,0,0,0,0,3525
,Unknown,"0,0038","13,426",NA,0,3431,2776,3859,0,2903,0,0,5016,0,0,4653,0,0,2467,0,0,2449,0,5396,0,0,4618,0,2828,5270,5167,0,0,5242,5079,0,0,4879
,Unknown,"0,0011","17,769",NA,0,2983,0,2097,2570,3264,0,0,0,0,0,0,0,5560,2578,5846,2696,2714,3209,3447,4195,0,3254,0,2599,3972,0,0,2050,0,0,0,0,0
,Unknown,"0,0035","12,168",NA,0,2891,0,4314,6408,3895,10322,3424,4748,4862,0,3936,0,3740,4498,13164,3512,5003,3959,7350,10987,0,4274,0,3859,0,0,4403,0,0,3043,4133,0,5228
,Unknown,"0,0049","11,615",NA,0,2596,0,0,0,3930,0,0,0,0,0,3070,0,0,0,0,0,0,0,0,0,0,3496,0,2396,0,0,2714,0,0,0,0,0,2980
,Unknown,"0,0048","17,464",NA,0,2025,1135,0,3148,2431,0,0,0,0,0,1297,0,3073,0,1387,1351,1147,2357,0,0,0,2217,0,0,0,0,1581,0,0,0,0,0,0
,Unknown,"0,0056","12,572",NA,0,1733,1751,0,0,0,1694,0,0,0,0,0,0,2526,0,0,0,0,0,0,1690,0,0,0,1784,0,0,0,0,0,0,0,0,0
,Unknown,"0,0007","3,613",NA,0,1657,1794,0,0,0,0,0,0,0,0,0,0,1375,0,0,0,1967,0,0,0,0,0,0,1380,0,0,0,0,0,0,0,0,0
,Unknown,"0,0011","15,545",NA,0,1696,0,0,3177,0,0,0,0,0,2137,0,0,2163,0,1957,0,0,1993,4320,0,0,2248,0,1610,0,0,0,2343,2613,2431,0,0,0
,Unknown,"0,0039","11,539",NA,0,1477,1019,0,0,2140,0,0,0,0,4202,1981,0,1669,0,0,832,0,1793,5178,0,0,2423,0,1714,3165,4861,2183,3597,4533,2808,0,0,2860
,Unknown,"0,0034","17,651",NA,0,1508,1099,0,0,0,0,0,0,0,0,961,0,0,887,0,0,0,1585,0,0,0,0,0,0,0,0,1164,0,0,0,0,0,0
,Unknown,"0,0038","11,277",NA,0,1241,1486,0,0,1696,0,0,0,0,0,0,0,0,0,1388,0,0,2542,0,1773,0,2672,0,2063,0,2247,0,0,0,0,2096,0,0
,Unknown,"0,0019","12,824",NA,0,1218,1046,0,0,0,0,0,0,0,0,0,0,0,0,0,0,0,0,0,1160,0,1755,0,0,0,0,0,0,0,0,0,0,1951
Serine 3TMS,Unknown,"0,0066","5,932",NA,0,0,656873,0,1026763,759278,1307346,865021,556484,990882,0,0,0,0,614384,1146851,1357445,917892,838225,903587,1406811,0,824107,0,0,0,1089899,0,0,0,0,1759411,0,0
Allantoin 4TMS,Unknown,"0,0035","10,546",NA,0,0,598749,393503,581958,0,0,0,0,0,0,498140,0,644763,0,1234217,621039,652511,0,483058,0,0,0,0,457768,258044,0,0,0,0,291614,0,0,0
Ethanolamine 3TMS,Unknown,"0,0006","5,952",NA,0,0,608698,657725,749282,723112,636907,636479,573597,656532,0,677317,0,828420,15558,795169,0,658406,739673,820250,747468,0,736416,0,0,0,887605,857634,0,0,0,0,0,0
,Unknown,"0,0055","3,056",NA,0,0,358488,0,0,0,0,494089,497605,465869,0,0,0,0,0,0,537660,567068,0,0,0,0,0,0,0,0,0,0,0,0,0,452618,0,0
,Unknown,"0,0079","12,728",NA,0,0,340756,0,0,0,415405,0,320629,318761,0,348931,0,0,0,416625,350295,377909,0,0,396807,0,0,0,0,0,0,0,0,0,0,458924,0,0
,Unknown,"0,005","5,565",NA,0,0,186128,0,0,0,232779,241508,210257,0,0,0,0,0,0,135346,0,124107,0,0,265475,0,0,0,0,0,0,0,0,0,0,275602,0,0
,Unknown,"0,0068","3,754",NA,0,0,69968,41536,0,0,125470,80733,110783,213457,65115,62436,0,0,0,0,83901,74089,98012,68722,95311,0,75559,0,61666,84136,88553,108207,92795,55081,88480,127392,0,87155
B-Alanine 3TMS,Unknown,"0,0038","6,522",NA,0,0,64363,51349,63118,68321,0,0,65167,62263,0,70594,0,66187,0,0,60240,0,76471,0,0,0,80446,0,67685,0,0,81676,0,0,0,84042,0,81085
,Unknown,"0,0031","6,542",NA,0,0,60518,67057,55894,0,0,0,55869,55348,0,61614,0,56769,0,0,73726,0,76259,0,0,0,71623,0,66428,0,0,70141,0,0,0,74550,0,70324
,Unknown,"0,0058","9,188",NA,0,0,51188,0,0,0,0,0,0,0,0,0,0,0,28128,0,0,60252,0,0,78406,0,62530,0,0,0,0,0,0,0,0,0,0,63494
,Unknown,"0,0043","7,195",NA,0,0,48134,0,0,67027,0,0,0,0,0,0,0,0,0,27424,30037,32088,36189,0,0,0,66126,0,0,0,0,36432,0,0,0,0,0,70255
,Unknown,"0,0055","10,675",NA,0,0,44357,31598,33214,43946,41108,0,0,0,32602,20739,0,0,0,42569,38984,39694,32169,0,41711,0,36954,0,0,0,0,30291,23707,0,14928,0,0,26610
,Unknown,"0,0031","16,975",NA,0,0,41540,0,0,0,29406,14677,24299,30340,31443,34411,0,67215,0,48806,40013,26880,0,0,0,0,47550,0,51334,0,0,0,0,0,0,31862,0,0
,Unknown,"0,0063","3,188",NA,0,0,30445,0,0,0,0,0,0,0,0,0,0,0,0,0,0,42872,0,0,0,0,0,0,0,0,28244,0,31030,32795,0,0,0,0
,Unknown,"0,0048","15,703",NA,0,0,28983,0,0,0,23597,16746,24163,36680,0,0,0,0,0,48360,23553,29242,0,0,32213,0,0,0,0,0,0,0,0,0,0,16121,0,0
,Unknown,"0,0027","3,636",NA,0,0,21964,0,0,0,20667,21356,16567,18076,0,0,0,0,0,26537,17422,13975,0,0,26019,0,0,0,0,0,0,0,0,9960,0,29680,0,0
,Unknown,"0,0044","4,583",NA,0,0,18921,0,0,0,51393,41134,49958,102479,28132,35952,0,0,0,0,48738,49206,0,50381,56376,0,0,0,0,22815,22392,0,38554,0,0,86502,0,0
2-Hydroxypyridine TMS,Unknown,"0,0052","3,401",NA,0,0,12940,0,0,17780,0,23182,0,0,0,0,0,0,0,0,0,0,15147,0,28841,0,20879,0,0,0,0,0,0,0,0,27707,0,23243
,Unknown,"0,002","16,546",NA,0,0,11432,0,0,0,0,0,0,0,0,11699,0,15951,0,17946,0,11724,14694,12694,12705,0,0,0,0,12059,0,0,0,0,0,0,0,0
,Unknown,"0,0035","6,775",NA,0,0,11049,12351,12467,0,0,0,0,0,18274,0,0,12984,0,0,0,0,0,16974,0,0,0,0,0,17727,0,0,22290,0,18730,0,0,0
,Unknown,"0,0021","13,328",NA,0,0,10855,0,14717,11470,0,14652,0,0,0,0,0,0,0,16800,0,9890,0,9544,13522,0,11195,0,0,0,0,8761,0,0,7244,0,0,0
,Unknown,"0,0032","10,177",NA,0,0,8939,0,0,0,13771,14016,0,0,10203,8398,0,7382,0,0,0,12755,0,11212,0,0,9163,0,0,2671,6420,7073,5830,7178,0,0,0,8693
,Unknown,"0,0033","8,419",NA,0,0,7656,1641,0,6650,10414,5640,0,3638,0,1505,0,0,0,0,1261,0,1437,0,5378,0,4361,0,0,0,0,2390,0,0,0,7887,0,5709
,Unknown,"0,0082","4,646",NA,0,0,5103,4026,0,0,0,6128,0,0,0,4482,0,0,0,6718,5951,6321,0,6754,0,0,0,0,0,3556,3667,8594,5832,0,5869,8906,0,6389
,Unknown,"0,0083","15,309",NA,0,0,3179,10218,9464,0,0,0,0,0,0,0,0,5433,0,2447,0,0,0,0,0,0,0,0,0,0,0,0,0,0,0,0,0,3592
,Unknown,"0,0024","8,823",NA,0,0,2791,0,0,0,4491,3372,0,0,0,0,0,0,0,0,1679,3779,0,0,0,0,5175,0,0,0,0,0,0,0,0,6342,0,0
,Unknown,"0,0023","7,628",NA,0,0,4208,0,0,7604,10044,5550,8892,8500,0,0,0,0,0,0,0,1907,0,0,7169,0,7784,0,0,0,0,2843,0,0,0,0,0,6301
,Unknown,"0,0041","8,983",NA,0,0,2618,3715,5041,6631,6382,4680,6086,5629,6711,5812,0,0,0,3394,2744,2534,3735,6233,4895,0,8037,0,0,5807,7854,7521,7970,8021,8386,8747,0,10439
,Unknown,"0,0033","10,939",NA,0,0,2569,0,0,0,5608,0,7995,10712,7786,0,0,0,0,0,0,4068,0,0,6627,0,0,0,0,0,2251,2354,0,3745,0,4568,0,3643
,Unknown,"0,0021","18,423",NA,0,0,2416,0,0,0,0,0,0,2728,0,0,0,4586,0,0,3234,3173,2810,0,4989,0,2383,0,2414,0,0,0,0,0,0,0,0,0
Ferulic acid 2TMS,Unknown,"0,0029","12,396",NA,0,0,1823,2296,0,0,2124,1755,3693,4096,0,4305,0,0,0,0,1591,2578,2980,2713,1871,0,3148,0,3240,2858,3005,2796,4293,3268,2561,2724,0,4032
,Unknown,"0,0038","15,988",NA,0,0,932,0,3855,0,968,652,0,0,2214,0,0,0,0,0,0,0,0,0,0,0,0,0,0,0,3430,0,3387,0,0,0,0,0
,Unknown,"0,0007","16,351",NA,0,0,897,0,0,0,0,527,883,0,0,0,0,0,0,0,442,555,0,0,0,0,0,0,0,0,0,0,0,0,0,0,0,0
,Unknown,"0,0034","11,348",NA,0,0,415,264,0,0,0,0,0,0,0,0,0,0,0,0,371,399,0,0,0,0,0,0,0,215,0,0,0,0,0,0,0,0
Aconitic acid 3TMS,Unknown,"0,0058","9,605",NA,0,0,0,8320101,8161321,0,0,0,0,0,0,0,0,7453080,7692049,7663042,0,0,0,7536554,6225562,0,0,0,0,6822745,7978030,0,7268642,8097878,6450151,0,0,0
Aspartic acid 3TMS,Unknown,"0,0043","7,553",NA,0,0,0,1917658,2737067,1470172,0,0,0,0,0,1305114,0,0,931131,0,0,0,1333953,1879449,0,0,1531716,0,0,0,0,0,0,0,1416502,1839685,0,1385254
Glucose 1P,Unknown,"0,0047","9,234",NA,0,0,0,670597,881830,0,0,0,0,0,1147569,961598,0,0,411670,0,0,0,725869,976238,0,164508,0,0,578008,700198,861698,775338,1061872,762765,780111,0,212471,0
Lysine 4TMS,Unknown,"0,0034","10,126",NA,0,0,0,560391,653055,0,0,0,0,0,0,0,0,352531,483389,0,0,0,0,756330,505838,0,0,0,0,237777,0,0,0,0,392589,0,0,0
Galactinol,Unknown,"0,0039","15,426",NA,0,0,0,409749,432218,0,0,0,0,0,0,0,0,0,167632,0,0,0,0,356750,0,0,0,0,0,0,0,0,0,0,161292,0,0,0
,Unknown,"0,0026","14,576",NA,0,0,0,325400,446043,0,0,0,0,0,439165,0,0,0,396062,0,0,0,0,362394,0,0,0,0,0,0,367746,0,416586,343882,0,0,0,0
Lactic acid,Unknown,"0,0055","3,203",NA,0,0,0,317197,0,0,0,0,492788,0,0,0,0,0,0,730262,0,0,0,486828,358578,0,0,126464,0,0,0,0,0,0,207228,0,0,0
Caffeic acid,Unknown,"0,006","12,247",NA,0,0,0,238132,183401,0,0,0,0,0,0,0,0,0,90021,0,0,0,0,302109,0,0,0,0,0,205526,0,0,0,0,249753,0,0,0
,Unknown,"0,0043","12,081",NA,0,0,0,155909,202415,0,0,0,0,275655,0,195078,0,0,0,0,0,0,0,0,276121,0,0,0,0,163389,0,0,0,0,0,302161,0,0
,Unknown,"0,0092","4,833",NA,0,0,0,152534,0,0,0,188902,0,174219,0,171460,0,0,0,0,0,0,0,0,0,0,0,0,193857,0,0,0,0,212649,0,0,0,0
,Unknown,"0,003","5,74",NA,0,0,0,155945,0,0,0,0,0,0,0,0,0,188550,0,0,0,0,0,0,0,0,0,0,190529,194347,201095,193471,202012,175534,208066,0,0,0
Tyrosine 3TMS,Unknown,"0,0051","10,828",NA,0,0,0,133086,199621,0,0,0,0,0,0,0,0,0,0,237980,184092,0,0,0,0,0,0,0,0,0,0,0,0,0,85723,0,0,0
,Unknown,"0,0055","5,561",NA,0,0,0,104627,116796,0,0,0,0,0,150229,0,0,0,0,0,0,0,0,142995,0,0,0,0,0,0,153956,0,152073,165346,148542,0,0,0
Glycine 3TMS,Unknown,"0,0044","5,392",NA,0,0,0,97097,128116,0,0,117797,134730,119423,0,0,0,0,106113,116945,109754,0,0,139231,118416,0,0,0,0,0,0,0,0,0,78040,149167,0,0
,Unknown,"0,0023","3,24",NA,0,0,0,80431,0,0,114158,0,115744,0,0,0,0,0,0,59395,73198,0,0,73219,64365,0,0,11724,45728,0,0,52343,0,0,36049,0,0,50163
,Unknown,"0,0018","17,403",NA,0,0,0,67935,116050,0,0,12944,0,0,38001,0,0,0,126419,0,27584,0,0,149270,0,0,0,0,0,0,80320,0,61902,51580,0,0,0,0
,Unknown,"0,0079","10,371",NA,0,0,0,61487,0,0,0,119505,124099,0,0,0,0,0,0,0,78552,0,0,0,0,0,111295,0,0,0,0,0,0,0,0,0,0,0
Glycerol 3TMS,Unknown,"0,0012","4,85",NA,0,0,0,57234,0,0,0,68503,0,84208,56981,76168,0,0,0,98152,0,0,0,0,84306,0,0,0,73817,0,83471,0,82674,83748,0,0,0,0
,Unknown,"0,0056","9,961",NA,0,0,0,53882,42770,0,0,0,0,0,70111,61245,0,0,40484,59305,37511,35501,37430,57813,41620,0,0,0,43089,44683,75874,38886,85339,90667,30027,0,0,0
,Unknown,"0,0069","3,416",NA,0,0,0,30621,0,0,0,0,62526,61500,50466,0,0,0,0,0,23462,26107,0,27239,0,0,0,0,0,19255,0,0,33807,52059,26016,0,0,0
,Unknown,"0,0032","8,907",NA,0,0,0,19341,30097,0,42855,0,0,0,33950,30165,0,0,18020,0,0,0,29464,28796,0,0,32814,0,0,0,0,30469,0,0,0,0,0,37473
,Unknown,"0,0032","16,027",NA,0,0,0,17062,0,0,0,0,0,0,12154,0,0,0,0,0,0,0,0,20554,0,0,0,0,0,0,0,0,11854,14181,0,0,0,0
,Unknown,"0,0065","10,915",NA,0,0,0,14719,20429,0,0,0,0,0,10381,0,0,0,9336,0,0,0,0,20299,0,0,0,0,0,0,0,0,0,0,0,0,0,0
,Unknown,"0,0098","11,724",NA,0,0,0,11785,14099,12498,0,0,0,0,0,0,0,11883,8542,0,0,0,12747,14429,0,0,18743,0,10903,0,0,14521,0,0,0,0,0,14225
,Unknown,"0,0062","15,365",NA,0,0,0,10993,11371,0,0,0,0,0,9298,0,0,0,16322,0,0,0,0,12651,0,0,0,0,0,0,10576,0,0,11096,0,0,0,0
,Unknown,"0,0021","11,611",NA,0,0,0,8274,0,0,0,0,0,0,6391,0,0,0,3266,0,0,0,0,11846,0,0,0,0,0,0,9394,0,6620,7862,5234,0,0,0
,Unknown,"0,0045","17,865",NA,0,0,0,6712,8833,0,0,0,0,0,0,0,0,0,0,0,0,0,0,9418,0,0,0,0,0,0,0,0,7980,0,4405,0,0,0
,Unknown,"0,0033","9,456",NA,0,0,0,4946,8163,0,0,0,0,0,0,6661,0,0,3618,0,0,0,0,0,0,0,0,0,0,11621,0,9364,12584,0,0,0,0,0
,Unknown,"0,004","14,865",NA,0,0,0,5489,7419,0,0,0,0,0,0,0,0,3315,0,0,0,0,0,0,0,0,0,0,0,3989,0,0,0,5278,0,0,0,0
,Unknown,"0,0027","8,224",NA,0,0,0,4089,3060,0,0,0,0,0,10754,6988,0,0,0,0,3660,0,0,4851,0,0,0,0,0,3675,0,0,7282,0,6065,0,0,0
,Unknown,"0,0004","3,14",NA,0,0,0,1795,0,0,0,3355,0,0,0,0,0,0,0,0,0,0,0,2361,3611,0,0,0,0,2260,0,0,0,0,0,0,0,0
,Unknown,"0,0052","14,538",NA,0,0,0,971,0,0,0,0,0,0,632,0,0,0,1085,0,0,0,0,947,0,0,0,0,0,850,0,0,0,0,0,0,0,0
Citric acid 4TMS,Unknown,"0,0061","9,766",NA,0,0,0,0,444219,0,0,0,0,0,346137,0,0,0,394182,0,0,0,0,335984,0,0,0,0,0,281967,334170,0,384012,347873,255606,0,0,0
,Unknown,"0,0033","10,197",NA,0,0,0,0,14484,16368,0,0,0,0,0,0,0,0,0,0,0,19199,12092,14859,0,0,17226,0,0,0,0,14699,0,0,11532,0,0,15976
,Unknown,"0,0059","11,654",NA,0,0,0,0,11033,0,0,0,0,0,0,0,0,0,7472,0,0,0,0,13299,0,0,0,0,0,8942,0,0,13301,0,0,0,0,0
,Unknown,"0,0081","15,736",NA,0,0,0,0,4639,0,0,0,0,0,3173,0,0,0,4564,0,0,0,0,0,0,0,0,0,0,3005,4040,0,0,3122,0,0,0,0
,Unknown,"0,0025","8,657",NA,0,0,0,0,2105,0,0,0,0,0,2215,0,0,0,0,0,0,0,0,2473,0,0,0,0,0,0,0,0,2556,3007,0,0,0,0
,Unknown,"0,0006","12,821",NA,0,0,0,0,1613,1781,0,754,803,0,0,955,0,0,1669,0,668,0,0,0,0,0,0,0,1220,0,0,1633,0,0,0,0,0,0
Fructose,Unknown,"0,0065","9,565",NA,0,0,0,0,0,9246555,0,9886240,11057172,7527792,0,0,0,0,0,0,0,0,0,0,0,0,8105368,0,0,0,0,7737962,0,0,0,8910491,0,8173682
Aconitic acid 3TMS,Unknown,"0,0031","9,595",NA,0,0,0,0,0,3693233,0,3288221,2941306,2958144,0,0,0,0,0,0,0,0,0,0,0,0,3048905,0,0,0,0,3003322,0,0,0,3368505,0,3216850
,Unknown,"0,0019","6,19",NA,0,0,0,0,0,538526,0,0,557341,619101,0,0,0,0,0,0,0,0,0,0,0,0,450411,0,0,0,0,457982,0,0,0,0,0,563217
,Unknown,"0,0067","3,067",NA,0,0,0,0,0,453466,350275,0,0,0,0,0,0,0,0,0,0,0,0,0,451218,123781,633942,0,0,0,0,0,0,0,0,0,0,520513
,Unknown,"0,0049","3,947",NA,0,0,0,0,0,223399,222303,0,187030,0,0,0,0,0,0,0,0,0,0,0,0,0,0,0,0,0,0,0,0,0,0,210477,0,176903
,Unknown,"0,0076","10,359",NA,0,0,0,0,0,104881,0,0,0,0,0,0,0,0,0,198521,0,124394,93139,0,0,0,0,0,82836,0,0,0,0,0,0,0,0,93500
,Unknown,"0,0063","3,417",NA,0,0,0,0,0,94085,0,57204,0,0,0,0,0,0,0,0,0,0,56904,0,54212,0,98781,0,0,0,0,55319,0,0,0,54184,0,92153
,Unknown,"0,0048","10,03",NA,0,0,0,0,0,72787,0,0,0,85442,0,73475,0,0,0,94764,0,0,67905,0,0,0,71412,0,0,0,0,0,0,0,0,84610,0,0
,Unknown,"0,0103","8,28",NA,0,0,0,0,0,33936,0,0,0,0,0,33598,0,26571,0,0,0,0,31482,0,0,0,0,0,32311,0,0,0,0,0,0,0,0,0
,Unknown,"0,0063","3,961",NA,0,0,0,0,0,33168,32398,42580,0,72576,0,0,0,0,0,0,0,0,0,0,46366,0,37624,0,0,0,0,0,0,0,0,0,0,0
"3,4-Dihydroxybenzoic acid",Unknown,"0,0067","10,067",NA,0,0,0,0,0,18618,0,0,0,0,0,0,0,0,0,0,12768,0,0,0,0,0,28242,0,0,0,0,27587,0,0,0,0,0,34368
,Unknown,"0,0046","7,121",NA,0,0,0,0,0,13490,17281,20287,22670,31230,0,0,0,0,0,0,0,0,0,0,18350,0,0,0,0,0,0,0,0,9238,0,17183,0,0
,Unknown,"0,0028","6,776",NA,0,0,0,0,0,14040,13963,13412,0,13970,0,13699,0,0,0,14391,0,14852,16419,0,16504,0,17164,0,13797,0,0,18874,0,0,0,18259,0,0
,Unknown,"0,0019","16,396",NA,0,0,0,0,0,7948,0,0,0,0,0,0,0,9652,0,9024,0,0,0,0,0,0,7876,0,7006,0,0,0,0,0,0,0,0,0
,Unknown,"0,0021","17,835",NA,0,0,0,0,0,7336,0,0,0,6053,0,0,0,9394,0,15212,8134,0,6673,0,0,0,0,0,6115,0,0,0,0,0,0,0,0,4364
,Unknown,"0,0034","3,901",NA,0,0,0,0,0,5884,4887,0,0,8467,3513,0,0,0,0,0,0,0,0,0,0,1230,6519,799,0,0,0,0,0,0,0,5325,0,5755
,Unknown,"0,0036","12,595",NA,0,0,0,0,0,2499,0,0,0,0,0,1970,0,2195,0,0,0,0,0,3049,0,0,0,0,1445,0,9841,0,11026,0,0,0,0,0
,Unknown,"0,0053","12,574",NA,0,0,0,0,0,2397,0,0,0,0,0,0,0,0,0,0,0,0,2164,0,0,0,2725,0,0,0,0,2200,0,0,0,0,0,2940
Glucose 1P,Unknown,"0,0045","9,238",NA,0,0,0,0,0,0,1208453,0,896641,1184809,0,0,0,0,0,532179,0,555130,0,0,0,0,949766,0,0,0,0,0,0,0,0,1298679,0,1124849
,Unknown,"0,0062","6,172",NA,0,0,0,0,0,0,112373,0,0,217287,0,0,0,0,0,120917,0,56948,0,0,164189,0,0,0,0,0,0,0,0,0,0,0,0,0
,Unknown,"0,0041","16,079",NA,0,0,0,0,0,0,50393,36345,46723,69601,0,0,0,0,0,0,51443,62768,0,0,0,0,0,0,0,0,0,0,0,0,0,37896,0,0
,Unknown,"0,0044","10,195",NA,0,0,0,0,0,0,38816,28100,20853,0,0,0,0,0,0,20415,0,0,0,0,37286,0,0,0,0,0,0,0,0,0,0,41322,0,0
,Unknown,"0,0017","4,434",NA,0,0,0,0,0,0,9721,9377,0,8282,0,0,0,0,0,9448,10184,6188,0,0,11597,0,0,0,0,0,0,0,0,0,0,10838,0,0
,Unknown,"0,0019","10,889",NA,0,0,0,0,0,0,8134,5244,11267,17436,0,0,0,0,0,4333,0,6299,0,0,11241,0,2932,0,0,0,0,0,0,0,0,7537,0,0
,Unknown,"0,004","9,283",NA,0,0,0,0,0,0,7026,6913,6704,6180,0,5806,0,0,0,0,0,0,0,0,0,0,5049,0,0,0,0,5586,0,0,0,0,0,6169
,Unknown,"0,0083","6,71",NA,0,0,0,0,0,0,5877,0,3681,0,0,0,0,0,0,0,0,0,0,5633,0,0,0,0,0,0,0,6590,6869,7020,0,0,0,0
,Unknown,"0,0034","9,452",NA,0,0,0,0,0,0,5034,0,0,0,7674,0,0,0,0,0,3942,0,5026,0,0,0,0,0,3150,0,0,0,0,0,0,0,0,0
,Unknown,"0,0014","3,15",NA,0,0,0,0,0,0,3879,0,4664,5728,4401,3849,0,0,0,0,0,0,0,0,0,0,0,0,0,0,0,0,3620,0,4312,5234,0,0
,Unknown,"0,0051","15,748",NA,0,0,0,0,0,0,2321,0,3058,3079,0,0,0,0,0,3331,2703,2701,0,0,3903,0,0,0,0,0,0,0,0,0,0,0,0,0
Raffinose,Unknown,"0,0043","16,955",NA,0,0,0,0,0,0,0,435085,0,522001,0,0,0,0,0,0,0,0,0,0,0,19939,0,0,0,0,0,0,0,0,0,1099770,88809,0
,Unknown,"0,0048","10,677",NA,0,0,0,0,0,0,0,48349,61592,50042,0,0,0,0,0,0,0,0,0,46993,0,0,0,0,0,0,0,0,0,0,0,74154,0,0
,Unknown,"0,0041","5,096",NA,0,0,0,0,0,0,0,73181,67056,65498,0,39864,0,0,0,55682,0,42045,64621,0,71137,0,0,0,0,0,0,45337,0,0,0,86811,0,0
,Unknown,"0,0038","12,106",NA,0,0,0,0,0,0,0,6174,0,6042,0,8128,0,0,0,0,0,4626,0,0,6917,0,0,0,0,0,0,0,0,0,0,0,0,0
,Unknown,"0,0039","3,301",NA,0,0,0,0,0,0,0,4546,5049,6381,4795,5031,0,0,0,0,0,0,0,0,5855,0,0,0,0,0,0,0,0,0,0,6769,0,0
,Unknown,"0,0029","11,808",NA,0,0,0,0,0,0,0,2451,1789,2462,0,2702,0,0,888,0,0,0,0,0,5395,0,0,0,0,0,0,0,0,0,0,0,0,0
Caffeic acid,Unknown,"0,0052","12,246",NA,0,0,0,0,0,0,0,0,261344,284247,424316,341064,0,0,0,0,0,0,202899,0,0,0,211086,0,0,0,162848,178662,272014,225729,0,0,0,256789
,Unknown,"0,0025","3,464",NA,0,0,0,0,0,0,0,0,5054,0,0,0,0,0,0,0,0,0,4893,0,0,0,0,0,6556,4181,4118,6227,4456,0,4714,0,0,0
,Unknown,"0,0028","14,804",NA,0,0,0,0,0,0,0,0,0,696,0,0,0,0,0,783,714,1105,0,0,0,0,0,0,0,0,0,1359,0,0,0,0,0,0
Aspartic acid 3TMS,Unknown,"0,0046","7,558",NA,0,0,0,0,0,0,0,0,0,0,2163063,0,0,0,0,0,0,0,0,0,0,0,0,0,0,2097154,4066396,0,3241876,2295970,0,0,0,0
,Unknown,"0,0071","12,697",NA,0,0,0,0,0,0,0,0,0,0,450414,0,0,0,0,0,0,0,0,0,0,0,0,0,0,362052,519010,0,596776,503790,0,0,0,0
,Unknown,"0,004","7,015",NA,0,0,0,0,0,0,0,0,0,0,352347,0,0,0,0,287752,0,233406,0,0,222184,0,0,0,0,255201,331973,0,532519,265105,0,0,0,0
,Unknown,"0,0049","4,942",NA,0,0,0,0,0,0,0,0,0,0,207642,0,0,0,0,0,0,239672,0,0,324902,0,0,0,0,191329,316116,0,0,0,0,0,0,0
Mesaconic acid 2TMS,Unknown,"0,0026","6,663",NA,0,0,0,0,0,0,0,0,0,0,58736,51465,0,0,0,0,0,0,59567,0,0,0,0,0,0,0,0,60301,80100,63297,51074,0,0,0
,Unknown,"0,0049","12,568",NA,0,0,0,0,0,0,0,0,0,0,8399,0,0,0,0,0,0,0,0,0,0,0,0,0,0,6162,9448,0,10066,8843,0,0,0,0
,Unknown,"0,0052","12,371",NA,0,0,0,0,0,0,0,0,0,0,5215,0,0,0,3390,0,0,0,0,7217,0,0,0,0,0,4829,0,0,5994,0,0,0,0,0
,Unknown,"0,0029","7,019",NA,0,0,0,0,0,0,0,0,0,0,0,44825,0,0,0,0,0,0,44010,0,0,0,48912,0,0,0,0,44294,0,0,0,0,0,47803
,Unknown,"0,0066","15,74",NA,0,0,0,0,0,0,0,0,0,0,0,3116,0,3933,0,0,0,0,3443,0,0,0,3720,0,3482,0,0,0,0,0,0,0,0,2892
,Unknown,"0,0049","6,188",NA,0,0,0,0,0,0,0,0,0,0,0,0,650795,0,692847,0,0,0,0,0,0,616164,0,734046,0,0,0,0,0,0,0,0,620007,0
,Unknown,"0,0035","6,571",NA,0,0,0,0,0,0,0,0,0,0,0,0,548237,0,545328,0,0,0,0,0,0,607003,0,649720,0,0,0,0,0,0,0,0,669142,0
Fructose,Unknown,"0,0045","9,555",NA,0,0,0,0,0,0,0,0,0,0,0,0,0,3149245,0,0,0,0,0,2805945,2882606,0,0,0,0,2635698,0,0,2677055,0,2051096,0,0,0
,Unknown,"0,0043","12,726",NA,0,0,0,0,0,0,0,0,0,0,0,0,0,65380,0,0,0,0,0,52539,0,0,71779,0,57568,0,0,71065,0,0,31367,0,0,84436
FAME C30,Unknown,"0,0039","18,272",NA,0,0,0,0,0,0,0,0,0,0,0,0,0,48078,0,46183,39000,25478,25403,0,0,0,0,0,0,0,0,0,0,0,0,0,0,0
,Unknown,"0,0027","18,623",NA,0,0,0,0,0,0,0,0,0,0,0,0,0,5326,0,5457,5375,0,3768,0,0,0,0,0,0,0,0,4570,0,0,0,0,0,0
,Unknown,"0,0015","3,032",NA,0,0,0,0,0,0,0,0,0,0,0,0,0,0,0,215665,246877,117197,163307,0,0,0,0,0,0,0,0,143015,245964,211515,227302,0,0,0
,Unknown,"0,001","13,247",NA,0,0,0,0,0,0,0,0,0,0,0,0,0,0,0,5797,0,0,0,4419,4352,0,0,0,0,5164,4910,0,6584,5333,0,5815,0,4442
,Unknown,"0,0059","3,051",NA,0,0,0,0,0,0,0,0,0,0,0,0,0,0,0,0,0,0,413213,0,0,0,0,0,0,0,0,441721,394812,536143,422765,0,0,0
Isoleucine 2TMS,Unknown,"0,0051","5,29",NA,0,0,0,0,0,0,0,0,0,0,0,0,0,0,0,0,0,0,0,0,0,0,0,0,0,71727,115212,0,91243,73374,97780,0,0,0
