"Name","Class","rt.sd","rt","Blank","Pool","S48","E0","E0.1","Pool.1","S48.1","S0","S0.1","S0.2","E48","Pool.2","Blank.1","Pool.3","E0.2","S48.2","S0.3","S48.3","Pool.4","E0.3","S48.4","Blank.2","Pool.5","Blank.3","Pool.6","E48.1","E48.2","Pool.7","E48.3","E48.4","E0.4","S0.4","Blank.4","Pool.8"
"","Unknown",0.0051,6.079,20.7686522746013,20.7727883394047,20.8222065205957,21.039630508631,20.8171205829686,20.8488998345967,20.5905761335938,20.672570910181,20.8926465017017,20.7326767199829,20.7909350826293,20.7796704984162,NA,20.7506159082565,NA,20.7533048048753,20.7522549010329,20.7462452950713,20.7859558182911,20.6849901226131,20.6540803212418,NA,NA,NA,20.8949964545038,20.9505081420238,20.6452937542859,20.8167241745325,20.6896015277802,20.8293909847014,21.0646469210189,20.6195157902222,NA,20.7434408977761
"","Unknown",0.004,3.903,21.4433007311767,19.258620534639,17.4701879641209,19.0677331969151,19.0168784399003,NA,NA,19.3807756201024,NA,17.698620566835,16.9618051524947,18.3197296530431,NA,20.2925928584552,NA,18.8827373186487,19.1726953095872,18.3638588951948,18.8863279060418,19.2694975748767,18.0029515945471,NA,17.2369891311969,NA,19.0463339205681,19.479012874626,19.081174273554,18.4353217580654,18.720722912165,18.6086109594774,19.1368629630625,NA,NA,NA
"Ethanolamine 3TMS","Unknown",0.0047,5.941,19.8232594908063,NA,NA,NA,NA,NA,NA,NA,NA,NA,19.5501179188154,NA,NA,NA,NA,NA,NA,NA,NA,NA,NA,NA,NA,NA,19.9489461607097,20.1230345715919,NA,NA,NA,19.791777063241,20.1433288353594,NA,NA,NA
"FAME C10","Unknown",0.0042,6.305,19.4178457718008,19.217339671878,19.2362301467499,19.1970695205338,19.0546261082066,19.1139862543488,18.849972775158,19.1414175264443,19.2202261879438,19.1374845132927,19.0464097717672,19.301286815932,19.7315049842352,19.2863832636195,19.392065394826,19.2350929280196,19.1872684679226,19.2710854039262,19.2787589198298,19.0867758491589,19.1288569419133,20.175041565857,19.259138912546,19.5372059086464,19.42280828228,19.5045670676969,19.2921363046189,19.4277836299518,19.2495629590482,19.4024888764427,19.6943056044622,19.131823828825,20.1248075752083,19.2778198347911
"FAME C09","Unknown",0.0033,5.367,19.290539369407,19.0094969497239,18.9784224346785,18.7946081783312,18.6489815040549,18.7678239787628,18.4003078509954,18.9564292571448,18.8131805147086,18.9314344224202,18.6520890276766,19.0255249501199,19.7644071031171,19.1922585179688,19.2801098371247,19.104992470426,19.0541696609468,18.9289299334101,19.1343532729822,18.8875539778588,18.9261929726999,20.0286297815259,18.9152978933593,19.6352085712083,19.1829568041594,19.3295451702809,19.1428408543101,19.2590581498409,19.0312129864008,19.1271124485144,19.4369584085417,18.9046096901227,19.9297027102495,18.9154414378787
"","Unknown",0.0055,3.04,19.6339640729309,19.0593239203449,NA,18.4142681510445,18.1814488701746,NA,NA,NA,NA,NA,NA,18.0122425369619,NA,19.9395073353136,NA,NA,NA,NA,NA,NA,NA,NA,NA,NA,18.863812603077,19.3812937716558,19.0367116826585,NA,NA,NA,NA,NA,NA,NA
"FAME C12","Unknown",0.0038,8.041,19.1134690078774,19.1090564336865,18.9803238481375,19.1632259306884,19.1351186767367,18.9542168446792,18.8329137071212,18.8670319845,18.9414934413062,18.8124168318816,18.9995210409055,19.0510354168331,19.109203514112,18.9360349174476,19.0659599894241,18.9039665114846,18.9348942763702,19.026448898971,19.0008858436039,18.8949814940844,18.8123641918893,19.5618699157669,19.1203082502376,19.3252324134689,19.2527198349339,19.2248950505736,19.1109928603878,19.0954437071781,18.9988136883065,19.055144779876,19.4276441559823,18.9736470573036,19.6359919014015,19.1722189930174
"FAME C08","Unknown",0.0035,4.375,19.7036560089858,18.3375274538326,18.2791428914571,18.0805512243809,18.0013416615117,17.918830710207,17.5884775137598,18.3998224800954,18.0640821978473,18.3185202847831,18.1974013523149,18.4573338917177,18.127287578328,18.6545208767625,18.737718813262,18.5979699949359,18.4992953721129,18.3195529069542,18.4949425168034,18.3556622797291,18.373159556895,19.5419713908983,18.167913461468,19.7600607316137,18.4742808570404,18.9202525674948,18.7183082636222,18.6969593212,18.6001134090678,18.6721001654609,18.9419861857443,18.2197291678518,19.4557656150192,18.1209461958739
"FAME C14","Unknown",0.0042,9.594,19.2433940949503,NA,NA,NA,NA,NA,NA,NA,NA,NA,NA,NA,18.7794711641013,NA,NA,NA,NA,NA,NA,NA,NA,19.1448323707906,NA,19.3363035216516,NA,NA,NA,NA,NA,NA,NA,NA,19.2601026545755,NA
"FAME C16","Unknown",0.0032,11,19.4145761478672,NA,NA,NA,NA,NA,NA,NA,NA,NA,NA,NA,17.8516079026821,NA,NA,NA,NA,NA,NA,NA,NA,19.0726272824862,NA,18.9971181794309,NA,NA,NA,NA,NA,NA,NA,NA,19.0542321762876,NA
"","Unknown",0.0041,4.801,18.313275745667,NA,NA,NA,17.342876510384,NA,NA,NA,NA,NA,NA,NA,17.2432342429513,NA,NA,NA,NA,NA,NA,NA,NA,17.679963527685,NA,17.7192528709788,NA,NA,NA,NA,NA,NA,NA,NA,17.9081882273421,NA
"FAME C18","Unknown",0.0033,12.28,17.5057148259357,17.1009951724022,17.1120120620493,17.1304898818801,17.1317597610284,17.0408887750304,17.0235571352094,17.1528771052594,17.2793621270977,17.1929075475586,17.4831815921863,17.3401679843542,17.6818419389748,17.0686426548652,17.3113848764756,17.0525785487171,17.209846046934,17.2871034430581,17.1804788823135,17.086878502495,17.1327421887064,17.6646942628769,17.3293163732453,17.6533858081206,17.3394741065521,17.1873836839862,17.2279496885455,17.280231163903,17.2399420681316,17.4151172570294,17.4741669054019,17.1643904161226,17.9139251978703,17.5094149789213
"FAME C20","Unknown",0.0022,13.459,17.163956396043,16.6438798567166,16.6594271957291,16.8887456133244,16.7501265296566,16.6597341236024,16.6245915430701,16.905693674531,16.9714522510359,16.8785341560555,17.1904163208625,16.9446347557562,17.0221141518763,16.7926327799211,16.4531261032869,16.8446454973554,16.7991070039572,17.0749158804463,16.8423328112074,16.7360248151389,16.8524989445678,17.3092617054655,16.8943294265283,17.499780071222,17.0554147165391,16.9402485622492,17.0698812735707,16.955654124832,17.0196051392748,17.0980082007785,17.2302715255235,16.8773537065149,17.4865315047624,17.1542480050891
"Palmitic acid TMS","Unknown",0.0015,11.456,17.1744840016067,18.6312100465965,18.7540006164175,18.6694962321982,18.3412906762735,19.186200202454,18.7361201004849,18.2036478949968,18.7197135184222,18.3673681164213,18.7844310748798,18.787066739155,21.5785684354052,19.4560511049916,18.8842849112128,18.2140572352819,18.7342525170134,18.5521942306046,19.2485000504112,18.9358121006677,18.0369884544717,18.6679472468927,19.7628138393348,17.9453235049168,19.2399872299751,18.8206844182858,18.7230377098548,19.303640988254,18.7495318797105,18.9327583754116,19.1979631561337,18.2741402332469,18.3443924159903,19.5611520608852
"B-Alanine 3TMS","Unknown",0.0054,6.518,18.0232706373695,NA,NA,NA,NA,NA,NA,NA,NA,NA,18.3115278544559,NA,NA,NA,NA,17.6945152645248,NA,17.8767759747609,NA,NA,17.9052576063948,NA,NA,NA,NA,17.8822205325656,18.2712187275817,NA,18.0775743082393,18.038888262159,17.5575817966346,NA,NA,NA
"FAME C24","Unknown",0.0027,15.578,16.8716112529369,16.3712798039294,16.1450122352984,16.5098913243657,16.437221873082,16.3917147311559,15.572130232651,15.9802202300733,16.0055026687329,16.0314533352783,16.5867042673639,16.310252577338,NA,16.4723581942468,NA,16.1137192069457,15.7909762492328,16.4172348268246,16.5509022244827,16.6317445383985,15.5723046928008,15.8974407331531,16.4664222993438,15.6492576429161,16.3467645591461,16.6322924999333,16.5466238609916,16.1178733378004,16.5613846721936,16.7445944660944,16.8361782487333,NA,15.7292077796165,15.7546378525093
"","Unknown",0.0029,6.194,16.9587926178768,NA,NA,17.0928461869783,16.941024276247,NA,NA,NA,NA,NA,NA,NA,NA,NA,NA,NA,NA,NA,NA,NA,NA,NA,NA,NA,NA,NA,NA,NA,NA,17.4209548249092,17.5520007172825,NA,NA,NA
"Stearic acid TMS","Unknown",0.0082,12.676,17.7696708888273,NA,NA,NA,NA,NA,NA,NA,NA,NA,NA,NA,20.7650606508332,19.0480368516754,18.0909151582271,NA,NA,NA,NA,NA,NA,17.6372673909557,18.6435093423481,17.9702708321791,18.4287045813141,NA,NA,18.3714636603746,NA,NA,18.3297533721137,NA,18.261540775747,18.6985361943387
"Ethanolamine 3TMS","Unknown",0.0041,4.546,16.946790091896,NA,NA,NA,NA,NA,NA,NA,NA,NA,NA,NA,19.0085596001587,NA,NA,NA,NA,NA,NA,NA,NA,19.1563475360524,NA,19.5134504208488,NA,NA,NA,NA,NA,NA,NA,NA,18.6077809533834,NA
"FAME C26","Unknown",0.0027,16.534,15.6215975404031,NA,NA,NA,NA,NA,NA,NA,NA,NA,NA,NA,16.1174139578727,NA,NA,NA,NA,NA,NA,NA,NA,17.0153071532697,NA,16.6203428306427,NA,NA,NA,NA,NA,NA,NA,NA,16.5019865650545,NA
"","Unknown",0.0034,3.244,16.5870352850919,18.8163498085194,18.1534232501056,NA,19.2297037859065,18.6110170086143,NA,18.384867494585,NA,18.4912994729357,18.5382189134239,17.4162257901211,NA,17.3097281002275,NA,NA,NA,19.089298176934,17.3989753634429,NA,NA,NA,NA,NA,NA,17.9408777037386,18.6290320473041,NA,18.3972643147422,18.7690844727301,NA,18.6551989557909,NA,NA
"1-Piperidinecarboxaldehyde","Unknown",0.0046,5.782,15.2368192595546,15.1220094420894,15.1337183593196,15.3228592890639,15.3031755896643,15.1118238502602,14.8325199931004,15.1083158601135,15.1305172242689,14.8962025822889,15.2061973141096,15.0531200226389,NA,15.0589965863704,NA,14.4748634654492,15.1038122989156,15.0360900755216,15.1379333892569,14.6361850483314,14.9950077339855,NA,15.1451561925658,NA,15.1604825683785,15.2650476558881,15.4344219445765,15.0631655118851,15.1508541484669,15.2706187992707,15.4674385189468,14.6301347430751,NA,14.9499621530752
"Glycerol 3TMS","Unknown",0.0011,4.847,13.1107257457888,16.080067721779,NA,NA,15.379603920842,NA,NA,NA,NA,NA,NA,NA,NA,16.0945686566506,16.0177299244184,NA,16.2601705484531,NA,16.2838520542146,15.8014552729466,NA,15.0568490068067,NA,15.8183737776717,NA,16.226530937876,NA,16.5445490444645,NA,NA,NA,NA,15.5006726644494,NA
"Sucrose 8TMS","Unknown",0.0028,13.882,NA,23.0402835632556,NA,23.273968950173,23.0678642037569,23.0681350847433,NA,NA,NA,NA,23.1455243811405,23.105262668447,NA,23.1091183258097,23.4387063338445,NA,NA,NA,23.2019565274132,23.1881338167508,NA,NA,23.2130120310094,NA,NA,23.520766789303,23.1178488716566,NA,23.2916451807106,23.2306299592219,23.5403547933621,NA,NA,NA
"Glucose","Unknown",0.0037,9.753,NA,22.451870472834,22.7927356617332,22.4521866774886,22.4158366116778,22.7335515800415,22.2955529084317,22.710172207559,22.6825499109133,22.6678611462418,22.539982869565,22.5474033862508,NA,22.5878504786014,22.6633374816574,22.4269179985247,22.5447151101217,22.5530888935025,22.6020243419446,22.5305597803747,22.3885926716511,NA,22.6224487734664,NA,22.669364307109,22.5141976664913,22.4010541393993,22.7283422228083,22.5463299185699,22.5762422442499,22.5610197919572,22.5984649839422,NA,22.6624499615352
"Glucose","Unknown",0.0026,9.877,NA,22.0056659893105,22.107310337303,20.556022625964,21.4306116297974,21.8687008862741,21.1216116684004,21.9123181172855,21.8488854343147,21.9201057617647,21.8529923877836,21.7991799104419,NA,21.734647120221,21.5836317331121,21.5678151399704,21.8151673591181,21.846380222179,21.7561763302714,21.6575485540794,21.2532296153262,NA,21.7761553739506,NA,21.8848284033335,21.1479123414444,21.3841350052772,21.7366064393242,21.675215374503,21.5707005856482,21.4876569918554,21.5272701512179,NA,21.7505001601251
"Alanine TMS","Unknown",0.0021,3.493,NA,21.9217583437886,21.9645814871774,21.5824305993985,21.8576068833525,21.4788516109184,22.0583884367721,21.9858938642999,21.9574305675339,21.8537476965546,19.6352872589626,22.0486086337027,NA,22.1616840706389,21.6335449986494,22.4251457672126,21.9854294925997,22.1981420726079,21.8786967503542,21.8719681396953,21.4264499396653,NA,21.5772084216334,NA,22.0220964157338,20.3119862463941,20.3449679784087,22.015478169011,19.5347172114677,19.2771244197977,21.6036456355327,21.4527980211995,NA,21.556850119187
"L-Asparagine 3TMS","Unknown",0.0021,9.077,NA,21.8065367998068,21.5528651758904,22.0420711794428,22.2091756328151,21.8591232660854,21.6504374785158,21.7659432642058,20.9808066032714,21.3716179791232,21.408553946816,21.8715988249797,NA,22.0727486005349,21.3364066912335,21.9221202930471,21.9869647988059,21.7677566948988,21.9289905522575,22.0802917562564,21.942000489326,NA,21.8486052057079,NA,21.9993645346342,22.1357298710902,21.9158135808561,21.9194938022921,21.9575378883328,21.4966017029033,21.9851271677616,22.1341550564995,NA,21.6811971784212
"Malic acid 3TMS","Unknown",0.0052,7.292,NA,21.8554533891847,21.8944417112148,21.7001407929709,21.5757736266088,21.74769710575,21.8532264185554,21.2997140370468,20.7159706729041,18.8748189508756,21.5260873371513,21.7863319440885,NA,21.5433268963578,22.2380324866874,19.440374949219,21.4688292969232,21.2701122832291,21.8204959467455,21.8283949380367,21.5977797217178,NA,21.9733252909108,NA,21.7585278731391,21.1397426020432,21.590235281275,21.7012796224106,21.5167692319704,21.5586424505431,21.5128606433933,21.0345201666402,NA,21.9619413479903
"Chlorogenic acid TMS","Unknown",0.0021,16.848,NA,21.6211952040667,21.4048945857771,21.9582929415499,21.8164143551685,21.6765037696213,20.670901423756,20.7437076267231,20.9943851080041,20.6937141957525,21.5614436112576,21.3700191090497,NA,21.4329854793393,21.8092908868636,21.3821442671179,20.9597193039712,20.7874790304925,21.5666637657537,21.4672042904566,20.4909380568465,NA,21.5243079606874,NA,21.5057963371093,21.6869144710127,21.5521257209411,21.3758894478218,21.6120455894345,21.7073222200465,21.6966599155347,20.1617139568831,NA,21.2498808548523
"Myo-inositol 6TMS","Unknown",0.0027,10.764,NA,21.4040279438152,21.6147977464776,20.9301134562868,21.326535571969,21.373285869855,21.3084974593476,21.1022906741293,21.3069446944193,21.1030730741312,21.7935073375199,21.3904257626463,NA,21.1523532117059,20.3447283493383,21.5236704654321,21.099372816994,21.1531190578422,21.3646903779424,20.9464367539464,21.3097278004634,NA,21.4704678755437,NA,21.2282006720519,20.6842095685308,21.7512536181958,21.3750959345948,20.9863668729007,21.5776091695082,20.4823389914235,21.0574916445235,NA,21.3737200005452
"Fructose 1MEOX 5TMS","Unknown",0.003,9.654,NA,21.4286228083447,21.4869906741506,NA,21.1863274691378,21.4439650087262,21.1034371896077,NA,NA,NA,NA,21.2470258938675,NA,21.1649881397417,21.3827384583704,21.1825816439785,21.3091101377702,21.2753764279845,21.2295364541501,NA,20.9455436472927,NA,21.2212701000616,NA,21.2806037382909,21.3578274273904,NA,21.2133672891668,NA,NA,21.4996588869202,21.2218180088132,NA,21.1593449649069
"Asparagine 4TMS","Unknown",0.004,7.91,NA,21.2677731071643,20.190719580535,21.2465640047699,22.2196938727086,20.4059054225803,21.3638868028586,20.9456167390266,19.1324873457101,20.6088005279507,19.8541230602024,21.1824904777251,NA,21.1758337288007,18.9089807098149,21.4503062630789,21.5180211922698,20.5290424839954,20.5137360985552,21.2905826711977,20.8355817839511,NA,19.5518512180633,NA,20.6170285740956,21.171296300082,20.694570392173,20.3980804841098,20.8550530946911,19.1512326485351,20.7131516707172,22.0622411512483,NA,20.3919831317755
"GABA 3TMS","Unknown",0.0049,7.474,NA,21.0070586792608,21.0456235948139,21.0464842270681,21.140980997317,20.8175288455905,20.9704658044038,20.905531734507,21.310826072013,20.8286996179351,NA,20.9091730121328,NA,20.9310422571854,20.2977016895449,21.3033655896597,21.0956624990461,21.1858673855472,20.9089285946522,20.8507876266065,21.2019725264743,NA,20.7833563055928,NA,20.9621498761145,NA,NA,20.8518057626008,NA,NA,20.60544221485,21.0109394873632,NA,20.7668650459276
"Chlorogenic acid","Unknown",0.0025,17.264,NA,21.0662591762748,20.6739219945643,22.172542006673,22.3737085542749,21.1321490856707,NA,18.9871223456638,19.8113451615597,NA,21.6149274545156,20.4073666507119,NA,21.5518776564368,22.3677270636134,20.5846362924071,20.1072979977665,19.9951445695695,21.0348756804864,21.9587771061729,19.4050875029309,NA,20.9453913213935,NA,20.7624957672477,21.7099327540272,22.0406672253103,20.3016639231517,22.02692195339,21.9329983975701,21.4461204505898,NA,NA,19.8270597853139
"Asparagine dehydrated 2TMS","Unknown",0.0047,8.169,NA,20.6484550832171,20.0337841755019,20.4896205280889,20.8074432343107,21.1551047059143,21.2218961839012,21.0210796167438,20.6239391489251,21.2864330316238,21.0696831300627,21.4730707650896,NA,19.4857531562591,18.258434977558,20.5574042750455,20.9573567559585,21.1484068837295,21.2484129025328,20.6418186533072,21.2096075751888,20.7468707400271,21.2712887529707,NA,20.8534052204911,20.550435892206,20.6910778901816,21.2083140081109,21.0569763393563,19.6278534118142,21.2175267047356,21.3361138069198,20.767183301173,21.3267387400665
"","Unknown",0.004,11.04,NA,20.4774021755782,20.3486628023756,20.1051268539669,20.1344228897685,20.9824670776345,20.8642305463263,20.6575600366917,20.8544363189141,20.9622888233557,20.5342002249645,20.6155951898266,NA,20.2093111700212,19.6265269268263,20.492114457599,20.6435998429458,20.6712584939042,20.662286253294,20.106754147559,21.0621263158097,NA,20.9318225238985,NA,20.2518105041597,20.0938268892874,19.5408896825373,20.6354362404672,20.0744965332053,20.3430724556994,19.6854268468355,21.134460411231,NA,20.9015214973026
"Chlorogenic acid","Unknown",0.0034,17.187,NA,20.1889051892264,NA,NA,21.6045301305029,20.3430096992659,NA,NA,NA,NA,NA,NA,NA,20.5989735938687,21.9031504591728,19.9129175862511,NA,NA,20.1348787493679,21.4409292098817,NA,NA,20.1827244755549,NA,19.7799036110495,20.7586970480643,20.8878363396375,NA,NA,NA,20.3702855557009,NA,NA,19.155883866942
"L-Glutamic acid 3TMS","Unknown",0.0042,8.372,NA,20.1214901044055,20.9591235234963,19.736448961242,20.2989153279208,20.0774436476524,20.4446903372974,18.6609887317446,NA,18.1365862548503,20.4207068464179,20.2381516757347,NA,20.0132809612842,20.4243150474242,20.791432606616,18.8463998681399,20.6120376648886,20.0065810832222,20.4016161997238,20.8528516450197,NA,19.9642766338823,NA,20.2052199545538,20.4335330119813,20.8943618782688,20.0735100267911,20.6768491622067,20.5454517355288,19.7969166948074,19.3776611902423,NA,20.0402599453618
"","Unknown",0.0028,7.559,NA,20.1612836745427,20.1272058296899,NA,NA,NA,NA,NA,NA,NA,NA,NA,NA,20.155169697057,NA,NA,NA,NA,NA,NA,NA,NA,NA,NA,20.1407853960808,NA,NA,20.1203349783952,NA,NA,NA,NA,NA,NA
"","Unknown",0.0086,13.846,NA,20.0065286031947,20.1004930884417,20.2171510293533,19.9821375630016,19.8730021991285,19.7609798103627,NA,19.8640484833981,19.7454871294358,NA,19.7947519147582,NA,19.6260723983722,NA,NA,NA,19.9225440516673,19.761272356204,19.5893011361664,NA,NA,19.8383441283649,NA,19.7702028441886,NA,NA,19.8584906665637,NA,NA,NA,NA,NA,19.6265423568368
"","Unknown",0.0024,12.99,NA,19.742053248927,19.7447909041644,19.1898981234631,19.7276959899687,20.1028052762688,20.1980235987124,19.6466768070475,20.0077480597992,20.1442824960862,20.0107173949642,20.0530685257215,NA,19.7631563400165,19.6752753061934,20.1882579544704,19.5364433068999,20.1474636794371,19.9850498329184,19.6981695592235,20.2567670387234,NA,20.1534818346092,NA,19.6727820926819,19.6286316058382,19.8137535373282,19.8808284757795,20.0719975617503,19.8613871204033,19.32351573312,20.441186966832,NA,20.1312187053469
"","Unknown",0.0049,11.146,NA,19.7319233089252,22.7723166892961,19.7014276856872,19.9445885936599,21.9629372645834,22.7934495630169,22.3792288438255,22.3986025897866,22.2534286641767,21.3683081928836,NA,NA,NA,NA,19.4495700559914,20.4051389821925,19.45075631796,19.9872157029683,20.5615169718093,21.4495820554678,NA,21.0478373509855,NA,NA,18.8138140983647,19.2640021896887,19.9911468439499,19.3863170067517,21.3703625148568,19.0945924394524,22.2540693861126,NA,21.1050951163357
"","Unknown",0.0045,5.536,NA,19.6667085370902,19.1516746559623,21.9053880270679,21.7013963285943,NA,18.3536008175294,18.969579410434,18.7842618359774,NA,21.8723075795752,20.0731995900009,NA,19.9362857415941,21.7480628139153,18.216174464713,18.9035153645056,18.103150012424,20.1949107584994,21.5298193707541,18.3252183232118,NA,NA,NA,19.7696512343765,21.1542124115001,21.7907672288049,20.1855638793822,21.6368973300809,21.6946197865132,21.9536014783973,18.7817222316142,NA,NA
"","Unknown",0.0046,16.968,NA,19.5155996175037,NA,NA,NA,19.452874181103,NA,NA,18.5520233366993,NA,NA,NA,NA,NA,NA,NA,NA,NA,19.511345475723,NA,NA,NA,19.3770886615188,NA,19.5426370271348,NA,NA,18.8118987971864,NA,NA,NA,NA,NA,NA
"","Unknown",0.0031,6.872,NA,19.4839514785564,18.6692696372051,18.6463303411312,18.5696668249337,19.2252957894293,20.1169725868066,19.6676673641128,19.4418800535441,20.1610345634996,19.5113915318931,20.6057171814094,NA,18.2417082749986,NA,19.2029145060935,19.6602168943622,20.1366252394875,20.122419337061,18.9441094362466,19.7573689916848,17.2912877261257,19.8387035001367,NA,19.8512079989287,18.9581508094044,19.0133347075828,20.1056929534749,19.767987195528,18.1936219123172,19.5983385114799,21.1456835960958,18.6257893205938,20.258721753791
"","Unknown",0.0031,6.058,NA,19.3651728772469,19.5444888322834,19.8207995703914,19.5800722546983,19.7706538556636,19.5972488717284,19.8255938046385,20.0232098172683,19.94685458988,19.8059624382946,19.3077092080557,NA,19.5127048190462,NA,19.6308710383356,19.7419323979118,19.6575300301143,19.7624316113429,19.6600048965691,19.7870709354749,NA,NA,NA,19.5722727033555,19.7745644119715,19.545068968214,19.8876166200562,19.5353043747097,19.7564449631544,20.049752927116,19.5381134658377,NA,19.6784771342317
"","Unknown",0.0031,17.498,NA,19.1913187692618,18.6058746016832,19.593591184663,20.248186282771,19.0986043209208,NA,NA,NA,NA,18.376585951077,18.2601324958345,NA,19.5903965913751,20.2227955759429,18.85621903959,17.8285251634647,NA,18.8756275860562,20.2221786956988,NA,NA,18.8289469653886,NA,18.6932965718423,19.4545009170247,19.4339810492145,18.1665957408476,18.8958284612482,18.7647863518503,18.910447177406,NA,NA,17.8547412900787
"","Unknown",0.0031,4.288,NA,19.1279803067007,19.222336576932,18.8832232632641,18.504388892053,19.1303250712268,19.2549257701747,19.4980594201545,19.5636412397541,19.728127120837,18.7999250648182,20.2047977251935,16.9163199162406,19.5928302078408,19.6219038916303,19.4669872018629,19.11182685064,19.2158223469181,19.6586452102917,19.2255723174253,19.8188322577751,18.2271913290267,19.5514614081611,17.2980346150347,19.3805457733694,19.7096093829575,19.2855402807939,19.6083483495948,19.1924746917693,19.3360042654909,19.1880011183405,19.5171256020583,18.1412603873063,19.2518726635121
"Valine 2TMS","Unknown",0.0047,4.535,NA,19.0287645370549,19.428980632373,18.6535908763936,18.8446940679844,18.6659668144552,19.5334131273174,19.9515619073452,19.3973115012714,19.4518545924457,18.547799368713,19.169415866586,NA,19.3145580238247,NA,19.9118699906727,19.5430541660276,19.3549318131658,19.2856691598923,19.2616398678468,19.9096089675868,NA,18.6891908195347,NA,19.2672022657581,18.5575591895605,19.0999605785408,19.2756042984625,18.8880977020254,18.8184497736205,18.6132304719745,19.7619471733472,NA,18.6207218571823
"","Unknown",0.0033,10.458,NA,19.4986554848092,20.4714816328621,NA,19.2190737882605,19.8894336521319,20.1920323793965,19.8365554289678,19.8575947437173,20.0110349726016,18.985984039903,17.9636730894898,NA,NA,NA,19.4541183766932,19.2230553380404,19.3890656667575,18.6334726543174,18.2372912164103,20.1635425144251,NA,19.5207644303308,NA,NA,NA,NA,18.508872962117,NA,18.824529332205,NA,20.1656018837837,NA,19.4135964939247
"","Unknown",0.0036,4.917,NA,18.5975219077992,NA,NA,NA,21.560275639421,NA,NA,NA,NA,NA,NA,NA,NA,NA,NA,NA,NA,20.3143931123586,NA,NA,NA,21.5233498586304,NA,NA,NA,NA,20.1431967535793,NA,NA,NA,NA,NA,21.3789517342677
"","Unknown",0.0027,15.708,NA,18.3782309180283,NA,19.6750624077963,19.3866852046286,18.4798350307679,NA,NA,NA,NA,18.9052442169713,18.530497495368,NA,18.5715681617405,19.4249686506693,NA,NA,NA,18.6230022054631,19.5987925402583,NA,NA,18.5645643903823,NA,18.241593638564,19.1639405530004,18.5364601434584,17.8795258563932,18.7633338952219,18.9053208156409,19.1732988351857,NA,NA,17.8916115863464
"","Unknown",0.0023,18.179,NA,18.4645829336388,18.0584379547907,18.4398069859311,18.4840061660758,18.080388740166,NA,NA,NA,NA,NA,NA,NA,18.7902898466843,18.5901291622608,19.0877782803628,18.1988404327994,NA,18.0541161014686,18.1900320185454,18.23589674545,NA,17.9709247989094,NA,18.0989253142054,18.318844124959,17.7208719503133,17.5575049910672,17.7737244812863,17.7753842848197,17.44734741316,NA,NA,NA
"FAME C16","Unknown",0.006,11.006,NA,18.3532916519175,18.467649596507,18.5601104911099,18.3839131825768,18.356115839349,NA,18.3336722261716,18.2789955010974,NA,18.4954428777857,18.3992084141108,NA,18.3335989062504,18.5049694905198,18.3604462235356,18.4162306047838,18.5762690483916,18.4487193065633,18.3985351827626,18.012006615114,NA,18.3687056193295,NA,18.5340956452619,18.5180107304734,18.2345241353726,18.4725484707592,18.2077941490527,18.2981644875901,18.6016553688972,NA,NA,18.503643985385
"Aspartic acid 3TMS","Unknown",0.0022,7.55,NA,18.2808602868599,18.2576155809324,NA,NA,NA,NA,NA,16.574581600319,16.9415757469898,NA,NA,NA,18.1190286862507,NA,NA,NA,NA,NA,NA,17.5051270271065,NA,NA,NA,18.1291848608137,NA,NA,18.0996600196578,NA,NA,NA,NA,NA,NA
"Quinic acid 5TMS","Unknown",0.004,9.531,NA,18.1312116571237,18.363793304855,NA,18.0297116924768,18.0808205505546,17.5706856962289,17.8448746267776,18.1670337344727,17.6794924147012,18.8699187720285,18.0257704192364,NA,17.5283057120855,NA,17.4434254822201,17.7524663695533,18.0470608922994,17.8150627823676,18.2673687788331,NA,NA,17.8708970886035,NA,17.6943234722322,18.1673477488684,NA,17.7973646263899,18.296683535912,NA,17.1711484037916,17.4959748013046,NA,17.9042548050638
"Asparagine 4TMS","Unknown",0.0034,6.189,NA,18.0390108643309,17.785759876501,NA,NA,NA,NA,NA,NA,NA,16.9175319370905,17.5763872810346,NA,16.853022649788,NA,NA,18.0105439643553,NA,NA,NA,NA,NA,NA,NA,17.9365229928273,NA,NA,NA,NA,NA,NA,NA,NA,NA
"","Unknown",0.004,7.688,NA,17.9298992157649,17.9929527912748,18.8863990070626,19.6768069406895,19.2503880664727,20.0155874768368,20.0425583086582,18.7513372883736,19.6156009123509,19.4256752038985,18.3962483875022,NA,17.5970986578316,NA,17.547758271447,18.9534516180488,18.9785207145516,18.9568011504597,18.7342381653567,19.2517105634381,NA,19.8088409813853,NA,17.8409695130564,18.3606230030133,18.6154307497666,18.7683752426035,19.3262702429025,18.0838065126035,19.5959806952557,20.6204550285635,NA,19.3654471174434
"","Unknown",0.0038,16.096,NA,17.9580983730925,NA,18.6331782246419,18.3443278187059,18.0846542814119,NA,NA,NA,NA,17.876803332309,18.0633575349667,NA,18.1752216065373,17.923008153664,17.6305519299945,NA,NA,18.1011621648839,18.6223745080289,17.1260366730059,NA,18.104463294869,NA,18.0282231097505,18.7035821999054,17.4784388292015,17.6661443353835,17.6082167145478,18.0285670156448,18.2382679314297,NA,NA,17.7583489254444
"Isoleucine 2TMS","Unknown",0.0041,5.297,NA,17.7418002874252,18.1688485152034,17.7840094194248,17.7936825979553,17.5018000427583,18.3245524061232,18.5032646234703,18.2792513384632,18.0503436134471,NA,17.9263141502813,NA,17.8041689364269,17.846546224436,18.5551313607608,17.9603735418779,17.8112628378142,17.8112995348609,18.4295133531273,18.2885329273045,NA,17.5726266380096,NA,17.953720636082,NA,NA,18.1211710728021,NA,NA,NA,18.4655695265013,NA,17.6384606137167
"Serine 3TMS","Unknown",0.0025,5.918,NA,17.740375366211,NA,17.5474768054088,NA,NA,NA,NA,NA,NA,17.3543079453941,NA,NA,17.7333340834514,NA,NA,NA,NA,NA,NA,NA,NA,NA,NA,17.8399672019522,17.2665505863724,NA,17.8727308823687,17.5186098021578,17.3488076500942,17.8008600359154,NA,NA,NA
"","Unknown",0.0043,4.701,NA,17.6830444316137,17.7077582892052,17.5604611694576,17.4549533202192,NA,17.2300929584183,17.6883859440491,17.5973039671369,17.7988690168061,17.6280488070257,17.844001673298,NA,17.8757589266111,NA,17.8613711420508,17.9299036075731,17.7982962466963,17.7601562422634,17.6931013426499,17.8495660911907,NA,NA,NA,17.9624235837994,17.9092843746106,18.0088650064276,18.0334267416105,17.9034716614812,17.9805602953816,NA,17.6339887440862,NA,17.5859407954408
"Leucine 2TMS","Unknown",0.0057,5.074,NA,17.6711848743436,18.0244287907609,17.7228714793521,17.6975440424679,17.5997072923105,18.133891824746,18.4885995585491,18.3973461274624,18.2293524465236,NA,18.0453518155301,NA,17.7119942870751,17.9780924813905,18.7342598100454,17.8436157391001,17.8403114775494,17.8513118120091,18.3123967194119,18.5909134982805,NA,17.710505685943,NA,17.950948115618,NA,17.2449025649459,18.1571889831906,17.0994536010313,17.0905189346708,17.2252094523387,18.3383602198584,NA,17.8361340475149
"Itaconic acid","Unknown",0.0044,6.402,NA,17.6006685082242,18.5312369889013,18.895898784495,18.1884190014445,17.6715577347794,18.0625188333092,17.4935156329593,18.3153689832535,18.0914854297246,19.241180208437,18.9303228673896,NA,17.5960111812318,18.337260957957,17.8180735649088,18.1383540490867,18.3372187944275,18.6165973044519,18.3926001271335,18.3536534349913,18.1670742421793,18.4327849416481,17.8691846164301,18.2934096124275,18.026478175658,18.4976284019243,18.7190619332058,19.0798960937015,19.0707515093276,18.735154703205,18.30548894702,17.8577356638368,18.4706170597075
"Stearic acid TMS","Unknown",0.004,12.671,NA,17.5839114369249,17.4775541255316,17.4927219377888,17.2696750549923,17.883568713094,17.6448641595167,16.9821736163865,17.3965342024987,17.1270505044338,17.6852657472203,17.6290714363883,NA,NA,NA,17.1397022250227,17.5607867489012,17.4292795110294,17.885390575602,NA,17.0377265411407,NA,NA,NA,NA,17.7728293309323,17.9410058955526,NA,17.7916216701388,18.0127407606895,NA,17.3145475737066,NA,NA
"","Unknown",0.0061,9.774,NA,17.4118786641216,17.3315648528335,18.9136252613689,NA,17.9291167915024,17.6934062382216,16.5950672445369,NA,16.7450642470549,NA,17.2603311117344,NA,17.0529734064268,NA,16.0034949320448,15.9065048524796,NA,17.3808552857121,NA,16.6302268924496,NA,17.7627313332395,NA,17.0473251055233,NA,NA,16.9549499938296,NA,NA,NA,15.9273426659071,NA,17.2711241591907
"Raffinose 11TMS","Unknown",0.0042,16.939,NA,17.9020482548374,NA,17.8045569014796,18.4412067806664,17.8319178906585,16.3302626133464,NA,16.8263107723747,NA,16.3476024794679,NA,NA,NA,18.0845039608632,16.0801402463953,NA,16.6073288404364,17.765050343557,NA,15.8658911201771,NA,17.6352593126725,NA,17.8915360222526,15.427105250637,NA,17.2695971667236,NA,NA,16.6984687348168,NA,NA,NA
"","Unknown",0.004,17.144,NA,16.848417106727,16.8637177265447,NA,16.0290356379172,16.7877898300949,16.8135342133341,15.5597188623428,16.1218326777499,17.0589446467335,NA,16.5163475269582,NA,17.1515660666978,15.6201526057168,17.7483030135227,16.7248997896772,16.6951792577427,16.8650701290681,15.971663109764,17.1197540055706,NA,16.7148179969092,NA,17.0587452589001,16.5979923309757,15.1852136553309,16.5942856021151,NA,NA,NA,16.3484379445561,NA,16.4712235165542
"","Unknown",0.0046,5.563,NA,16.6234735033997,NA,NA,NA,17.7362721628269,NA,NA,NA,NA,NA,17.0258301214416,NA,NA,NA,NA,17.0543987200581,NA,17.0916095800809,NA,NA,NA,17.53820685981,NA,17.0360392911915,NA,NA,17.2789671254224,NA,NA,NA,NA,NA,17.2630960866765
"Allantoin 4TMS","Unknown",0.0039,10.547,NA,16.278401068436,NA,NA,NA,15.5699047523911,16.2541335739535,16.3649636160155,15.1688871110756,15.3986626359772,15.0883730028406,NA,NA,NA,15.6104710200204,NA,NA,NA,15.9899872361499,NA,16.0175706441018,NA,15.2840407447856,NA,NA,NA,NA,16.0136453067999,14.7502015713454,NA,NA,16.4457170020884,NA,15.7067337460908
"","Unknown",0.0022,4.817,NA,16.1707366191074,NA,16.2611460768549,NA,NA,NA,16.2319124271794,NA,16.1479882178614,NA,16.0561356944795,NA,16.3574751218785,16.2457066800799,16.2435986892586,16.2478260438562,16.1746993745091,16.458335804418,16.105082232243,16.2316050526431,NA,16.3163039252626,NA,16.2965545179149,16.56297705186,16.5149235967403,16.5911788452432,16.4027780965718,16.5054342356796,16.7259176471172,16.1377880476295,NA,NA
"Lysine 4TMS","Unknown",0.0034,10.127,NA,16.328747121721,16.0739085917887,NA,NA,16.5161854472957,NA,NA,15.8675435369111,NA,NA,16.7651370005565,NA,NA,NA,16.8229826455306,16.1234920864149,16.3377603159081,16.5243788134784,NA,NA,NA,16.4309265296059,NA,16.5832326091044,NA,15.3117572579121,16.2695219077312,NA,NA,NA,NA,NA,16.2063468283032
"Glycine 3TMS","Unknown",0.0053,5.388,NA,16.4934431837134,15.3984064515274,NA,NA,16.250076256491,16.3532218287911,NA,NA,NA,15.7117301974511,16.5194097040616,NA,16.4649535179272,NA,NA,NA,16.3625658249739,16.6588496271538,NA,NA,NA,16.3282241250642,NA,16.4430840184029,15.8263995550285,15.9605634798044,16.7107639756173,16.0528615659578,15.4699470320683,NA,NA,13.0440632588215,16.2665721179807
"","Unknown",0.0033,17.41,NA,16.256114687867,NA,NA,NA,16.1021009084245,NA,NA,NA,NA,NA,NA,NA,16.6297029476013,NA,NA,NA,NA,15.9999189138774,NA,NA,NA,15.7770362197119,NA,15.657877144365,16.4880269482709,NA,15.1933787105813,NA,NA,15.8807647612987,NA,NA,NA
"Oxalic acid","Unknown",0.0069,3.755,NA,15.874075589159,NA,NA,NA,16.4140666578623,NA,NA,NA,NA,NA,NA,NA,16.0969047328387,16.5235542032379,16.256079005969,NA,NA,NA,NA,NA,NA,NA,NA,NA,NA,NA,NA,NA,NA,NA,NA,NA,NA
"Ethanolamine 3TMS","Unknown",0.0021,4.721,NA,15.8008519341373,15.4455286308456,15.5491797567412,15.9718790073013,NA,NA,16.0374238757905,16.065712399983,15.4895100801907,15.6874360912199,16.0055431615504,NA,15.9314674555581,NA,16.1361948265297,16.2429024478398,16.0846295220446,15.9210519358688,16.3503313742268,15.8771090895854,NA,NA,NA,15.7336883555697,16.1371576287705,15.7429664492387,15.9257593579946,15.6252130633853,15.7294349454508,16.7197267082273,15.9366131578109,NA,NA
"Putrescine 4TMS","Unknown",0.0011,8.528,NA,15.7859672363167,14.8848100412718,14.656390321453,15.5531220437955,15.7395181791336,16.341226833178,16.460136037858,16.948208184324,16.277555667561,15.6469708312607,16.0808201291417,NA,15.7088427630558,15.3902684237442,16.5118958640245,15.8636122025449,16.7421314226188,16.0526237640439,15.5547006786317,17.1680712651085,NA,15.9295398127936,NA,15.9965544071567,15.0785876486652,15.3329154563167,16.1299064748159,15.672233339413,15.339935585437,15.6091576682933,16.81860546079,NA,16.1233574767593
"","Unknown",0.0053,10.831,NA,15.7792646668576,15.858788435419,NA,NA,NA,NA,NA,NA,NA,15.4075131511845,15.8514348335386,NA,NA,NA,NA,NA,NA,15.9602429971932,NA,NA,NA,15.6807893797131,NA,15.6698528064274,NA,15.3312227035686,15.9969542231725,NA,14.9664446085348,NA,NA,NA,15.8135997904888
"","Unknown",0.0066,10.034,NA,15.9603503339876,NA,NA,NA,NA,NA,NA,NA,NA,NA,NA,NA,NA,NA,NA,16.0419995351537,NA,NA,NA,NA,NA,NA,NA,16.0226198775799,NA,NA,15.8011525121186,NA,NA,NA,NA,NA,15.7115848754157
"","Unknown",0.0032,16.971,NA,15.5094204243594,NA,NA,NA,15.3590194461828,NA,NA,NA,NA,NA,NA,NA,NA,15.9048693271211,NA,NA,NA,15.4132319711775,NA,NA,NA,NA,NA,NA,NA,NA,15.2026348749553,NA,NA,14.8755760621007,NA,NA,NA
"FAME C26","Unknown",0.0021,16.529,NA,15.5574083316759,15.5167017597026,NA,15.649009330667,15.6308963116227,15.2329961499014,14.9337991358413,15.0772557523336,15.1963079702443,15.2869660623337,15.2100162775132,NA,15.8051954836966,16.0068180778502,NA,15.5893888138428,15.819622023925,15.8547790180304,15.8761987993308,15.2764335579788,NA,15.6714144749824,NA,15.2564198230348,15.733618931362,15.6842473380883,15.2175866781028,15.480290134047,15.5943670413727,NA,NA,NA,14.581907712295
"","Unknown",0.004,12.081,NA,15.3009747387169,NA,NA,NA,15.5026618418894,15.6712552087036,15.7795062540337,15.8288850244094,NA,NA,NA,NA,15.2715133700276,NA,NA,15.3708623423011,15.7956334925327,15.5778786970233,NA,NA,NA,15.6714728723336,NA,15.4479284120586,NA,NA,15.558486970159,NA,NA,NA,NA,NA,15.7876958356427
"","Unknown",0.0073,3.939,NA,15.2296322487544,NA,NA,NA,NA,NA,NA,NA,NA,NA,NA,NA,NA,NA,14.3746357450685,14.6818361773729,NA,NA,NA,NA,NA,NA,NA,14.6432841339487,NA,14.5193169888629,NA,NA,NA,14.8214684377684,NA,NA,NA
"","Unknown",0.0054,9.959,NA,15.1483628858065,15.1109500689374,NA,NA,NA,NA,NA,NA,NA,NA,NA,NA,NA,NA,NA,NA,NA,NA,NA,NA,NA,14.3543239331682,NA,NA,NA,NA,NA,NA,NA,NA,14.4190397540277,NA,14.2385093669653
"","Unknown",0.0051,4.548,NA,14.9927098697741,NA,NA,15.4395442440809,NA,NA,NA,NA,NA,NA,14.5764246026519,NA,15.5108667664897,NA,16.3246237919173,15.9045134379983,15.6954343458802,NA,15.7360546233481,NA,NA,NA,NA,14.9146884761656,15.4502167608885,15.3623234019985,NA,15.4166748349316,NA,15.6732483290732,NA,NA,NA
"","Unknown",0.0034,5.738,NA,14.7480467803102,14.4841415629656,NA,14.7602647091644,14.5999284379098,14.2951133963863,14.6789655362605,14.4578902160798,14.5063321514606,14.4669032349903,14.8002744532191,NA,NA,NA,14.8514233213443,14.835417742463,14.5774015755428,14.6869980591139,14.7131661665605,14.4192791869642,NA,14.5191852883746,NA,NA,NA,NA,NA,NA,NA,NA,14.4977628290594,NA,14.7360253828028
"","Unknown",0.0058,15.369,NA,14.7399049189956,15.4003976012144,NA,NA,14.6474626446709,14.3052165331047,14.7079031249765,14.5337448669131,14.9450035331526,NA,14.7974972625216,NA,14.9046217700944,NA,15.01269158694,14.4264892292823,14.7239584316138,14.860327745411,NA,14.627593854857,NA,14.7440089230256,NA,15.2719747229143,NA,NA,14.8696017223152,NA,NA,NA,13.2887236448629,NA,14.6532622129512
"","Unknown",0.0047,15.431,NA,14.7093953552132,NA,NA,NA,NA,NA,15.2330591377655,14.7600689535295,14.6122159663399,NA,NA,NA,14.6226634493519,NA,NA,NA,14.8508788524219,NA,NA,NA,NA,NA,NA,NA,NA,NA,NA,NA,NA,NA,NA,NA,NA
"","Unknown",0.0033,16.302,NA,14.874086240922,NA,15.8509490895017,15.4812001997345,14.6870548265903,NA,NA,NA,NA,14.8731455892381,14.6381059836447,NA,14.9826171682506,15.3210418540896,NA,NA,NA,14.8736205386646,15.7796509564499,NA,NA,14.800348198094,NA,14.6113327871888,NA,15.0313921720482,14.2656253053997,14.8742192755125,15.1042325167787,15.9347897020589,NA,NA,14.0996336726379
"Phenylalanine 2TMS","Unknown",0.0027,8.757,NA,14.6759697639165,14.6412830920811,14.8371015267499,14.9599023596707,14.6501198181526,15.2330260420859,NA,NA,15.1523008232704,NA,14.9654598106141,NA,14.7002438292645,15.4482929011363,NA,15.1450412083383,14.4159259145349,14.7244220493987,15.2951659387938,NA,NA,14.6775374895914,NA,14.9164865639477,NA,NA,15.0592779657904,NA,NA,14.4415555766278,NA,NA,15.059427511314
"","Unknown",0.0055,6.598,NA,14.439777163833,NA,14.216943280681,15.1307627543537,NA,15.2165161268594,14.7962477862225,NA,NA,16.0847670284134,14.9945283848367,NA,14.714849648069,NA,14.7935483459296,15.552855948037,15.0600202767215,14.9133012875936,15.0033290871648,15.1249611655241,NA,NA,NA,14.7119853405793,15.509944378655,16.7152804455006,15.0153177073832,16.4535670580103,15.5947636863023,NA,15.6150873243092,NA,NA
"","Unknown",0.0047,6.5,NA,14.5832987884198,14.1660223436553,14.3080862947871,14.1614682803115,14.3647314243768,NA,NA,NA,NA,NA,NA,NA,NA,NA,NA,NA,14.5591725839657,14.4564377630853,NA,14.4222356708964,NA,NA,NA,NA,NA,NA,NA,NA,NA,NA,NA,NA,NA
"Caffeic acid","Unknown",0.004,12.241,NA,14.5287098060814,15.5346029337831,NA,NA,15.1400371708595,15.68171949097,15.5054991952625,NA,NA,NA,NA,NA,13.5913227872149,NA,14.5565982163747,15.0691297738902,NA,NA,NA,15.4772165338453,NA,NA,NA,NA,NA,NA,NA,NA,NA,NA,15.7828934890597,NA,NA
"Methionine 2TMS","Unknown",0.0047,7.831,NA,14.5302906450539,14.5816051144495,14.804834732361,14.9949070908612,NA,15.0350830809307,14.9392720984371,14.5535858628611,14.4106687796009,14.1351852866058,14.6273937731053,NA,14.287980294754,14.2104837059181,14.6344997873798,14.523059112729,14.7120838772831,NA,15.2014196991284,14.7783427837098,NA,14.0542316577261,NA,14.7421714322113,13.9368272327101,14.6075056355694,14.5484234979256,NA,14.106614034256,14.6471243619788,14.9418535928729,NA,14.3079201289393
"","Unknown",0.0039,18.022,NA,14.2770412694478,14.2176606586679,NA,12.5514713334751,13.8895584665816,NA,12.5784975271399,13.0726441458191,NA,11.6950209080032,NA,NA,NA,13.0480221031739,NA,NA,NA,14.1140944450779,13.1669629337988,NA,NA,13.8177123975816,NA,14.0021789014063,NA,12.1860842248918,NA,NA,NA,12.0775284323563,NA,NA,NA
"","Unknown",0.0066,7.733,NA,14.1978078018139,NA,14.360912794531,NA,14.7241472695834,NA,NA,15.0451556893854,15.1658384437772,17.9570485348491,15.6521234160404,NA,NA,NA,13.2414423418636,NA,NA,14.9800807646869,14.4919091638781,NA,NA,NA,NA,14.689510088963,16.2142386787443,17.0726311311272,15.3157992381112,17.7684947196291,NA,16.1083201058718,NA,NA,15.6060083103213
"","Unknown",0.0055,3.41,NA,13.9494330109006,NA,NA,13.7254184704584,NA,NA,NA,NA,NA,NA,13.9622402599076,NA,13.7348136031642,NA,14.7035601505215,NA,NA,NA,NA,NA,NA,NA,NA,14.1444237210961,NA,NA,NA,NA,NA,NA,NA,NA,NA
"","Unknown",0.0017,4.986,NA,13.8315714645373,13.4180854412972,14.1143648731981,14.0458818671663,14.0134674428551,12.9888671083041,13.2975350939659,13.5121009582635,12.4854184373791,14.5408818469603,13.7179263966762,NA,14.0612689315282,14.3289358843869,13.6020158051769,13.6917973401613,12.9500534716513,14.0137499714103,14.3544504970355,13.0437669672795,NA,13.9487137258441,NA,13.3511142596407,14.7313287234977,14.7673708805333,13.8420626850525,15.2151041819179,14.9639283443512,14.0748467007794,13.4077362860016,NA,13.7388265415644
"","Unknown",0.0058,15.097,NA,13.8110366314145,NA,NA,NA,13.5770503755395,12.4722808043157,12.8149027403445,12.7927658731623,12.8580712668799,13.7162483265778,13.8637402582313,NA,13.9980342675968,NA,12.7483968272005,12.5279420432381,13.7662385484395,13.5914369931724,14.2988468868521,11.5245543875317,NA,13.5262979898251,NA,14.2088242784953,NA,13.6476797700277,13.4457798614936,13.5668656254005,13.6594721821677,14.5447004796732,11.2729542015024,NA,12.8004512511788
"","Unknown",0.0046,7.794,NA,13.6803915484828,NA,NA,NA,13.6557609154712,14.1020448759662,14.2188530945635,NA,14.0486202919563,NA,14.2234942613752,NA,14.4566053361948,NA,13.7716444884615,14.5780438084424,14.2600051604119,14.2582153491384,13.7823828968223,14.2321745918864,NA,14.1314528720247,NA,14.4751069308034,14.4193495932064,14.003852656309,14.3828888014253,14.0439075398231,NA,14.4977427458393,15.2429871206701,NA,14.3363288090783
"Fumaric acid, 2-methyl- 2TMS","Unknown",0.0033,6.664,NA,13.4494612350999,14.3351475697703,14.5348356299343,13.8402884094622,NA,13.9573119356114,13.6681682854335,14.1688859372244,14.1842007413751,NA,NA,NA,NA,NA,13.6171313366341,14.1524796826597,14.3420137333302,NA,14.242233513179,14.2673501560963,NA,14.244750638527,NA,14.3937790397256,13.8485903087876,14.1017907238215,NA,NA,NA,NA,14.1148850035063,NA,14.3599323549484
"","Unknown",0.0048,15.125,NA,13.2716838231905,13.4686951562766,NA,NA,13.1267970538818,NA,NA,NA,12.8908317613653,NA,13.1999579073368,NA,13.306925831897,NA,12.1340262329531,NA,12.2337969888679,13.3815827430421,NA,NA,NA,13.1432087542004,NA,13.3442563878536,NA,NA,12.8734522657293,NA,NA,NA,NA,NA,NA
"","Unknown",0.0048,11.255,NA,13.1978358707213,NA,13.8208631241026,NA,13.4794123244109,12.8182125198995,13.0480827091252,13.1155151885457,NA,14.1292085281044,NA,NA,NA,14.1156476687139,13.1003917049496,NA,12.9026714499733,13.3694906798544,14.1893023117981,12.7007838302905,NA,13.4305879268267,NA,13.3556593223949,13.7424226020502,13.9364101087455,13.5913295087626,14.0340783206371,13.7960374194206,13.6439822326915,12.7427311858259,NA,13.7831263847373
"","Unknown",0.0035,8.908,NA,13.2866729313538,NA,NA,NA,13.4155125690494,NA,NA,NA,NA,NA,NA,NA,12.9036488308403,NA,NA,13.6148778603644,13.6601063199975,NA,NA,NA,NA,NA,NA,NA,12.4340211458796,NA,NA,NA,NA,12.6084238508795,NA,NA,NA
"","Unknown",0.0035,16.423,NA,13.1437154474048,13.3167608318584,NA,NA,13.0359479406594,13.4366479786551,12.4376349832494,NA,13.0732733826273,NA,12.9754186686222,NA,NA,NA,NA,12.8941161063652,13.0120210635989,13.1888793550749,NA,12.7434085045719,NA,13.126270772474,NA,13.3137965813423,NA,13.0926457962421,12.9422001678821,13.0029908628951,NA,NA,NA,NA,12.7523447098789
"","Unknown",0.0035,12.113,NA,13.1236587638779,12.9504866002571,NA,NA,NA,NA,NA,NA,NA,NA,NA,NA,NA,NA,12.9670033347987,NA,NA,12.9613396248486,NA,NA,NA,NA,NA,12.9595560568797,NA,NA,NA,NA,NA,NA,NA,NA,NA
"","Unknown",0.0042,7.714,NA,13.0279365233814,14.00323057642,13.8001522224042,14.2253128460031,14.7378332241619,15.8338505268901,15.331415539556,15.1433813494469,15.9620322350512,NA,12.8899408439128,NA,12.2660387333759,NA,14.0151956598417,13.9119442219493,14.6309366689791,14.2192966967176,13.8987055097308,15.2283522569729,NA,14.9871260780302,NA,12.6908566338253,12.4768559422041,NA,14.1759093598409,NA,NA,14.1185262029646,15.9234641600527,NA,14.954004488827
"","Unknown",0.0013,7.138,NA,12.807090915769,NA,NA,12.8419189468359,12.8944845188931,12.0801518538869,12.3418965651887,12.0070099526905,12.7590046021923,NA,NA,NA,NA,NA,NA,NA,NA,NA,NA,NA,NA,NA,NA,NA,NA,NA,NA,NA,NA,NA,13.2778512894302,NA,NA
"","Unknown",0.0038,17.027,NA,12.8392911534563,12.5528372962582,NA,NA,12.6977643503442,12.523515647974,NA,11.8556980451278,12.150516939588,NA,12.407339781395,NA,13.0867286487984,NA,NA,12.5583819943919,NA,12.7509006257254,NA,NA,NA,12.589405317607,NA,12.9711748873018,NA,NA,12.4368013441054,NA,NA,NA,11.8089130355117,NA,12.1772344797228
"","Unknown",0.0018,9.184,NA,12.8209198870022,13.1217929015768,12.6381252926333,12.7979491089994,13.0762500011115,13.3823691056214,NA,NA,NA,NA,NA,NA,NA,NA,NA,13.2195573322208,13.1535864278386,12.8632327745192,12.7593154979002,13.2503623572104,NA,12.8970794069083,NA,12.6798889198156,NA,NA,NA,NA,NA,NA,NA,NA,13.0795075046582
"","Unknown",0.0053,10.066,NA,13.0321186259566,NA,14.6230340485891,NA,NA,NA,NA,NA,NA,15.1428328335082,NA,NA,NA,NA,NA,NA,NA,NA,NA,NA,NA,NA,NA,15.1188558283787,14.395150315921,NA,NA,14.7611722207331,14.2651369783547,NA,NA,NA,NA
"","Unknown",0.0047,9.408,NA,12.9122630070558,12.7801092188615,NA,NA,NA,NA,12.7629969288388,12.7723578142452,12.6299325392894,NA,NA,NA,12.5889875770985,NA,NA,NA,12.8077973252906,12.6630814398282,NA,NA,NA,NA,NA,NA,NA,NA,12.7018072313641,NA,NA,NA,NA,NA,NA
"","Unknown",0.0068,16.398,NA,12.7203004897054,12.7117975413611,NA,12.7503486470305,NA,12.007799563993,NA,NA,NA,NA,NA,NA,NA,NA,NA,12.3664680560587,NA,NA,NA,12.3113368470909,NA,NA,NA,NA,NA,NA,12.5108822526468,NA,NA,NA,NA,NA,NA
"","Unknown",9e-04,11.565,NA,12.2683101634424,12.3087656477145,12.6386033866459,12.6990492989537,12.4589917914586,12.6985613033406,13.3290167340404,13.0377613608201,13.3505212591188,11.8050408123439,12.9144993438762,NA,12.271135942612,12.1843944314658,13.4056102088741,12.7853071709566,12.8813886811292,12.7333918256907,NA,12.705209255175,NA,NA,NA,12.6590325100941,11.5162928660986,NA,12.9314716116928,11.6071608246069,NA,NA,13.2146620281132,NA,13.1443319265612
"","Unknown",0.0047,10.197,NA,12.2342723705904,NA,NA,NA,NA,NA,NA,NA,NA,NA,NA,NA,12.0569992243965,NA,NA,NA,NA,NA,NA,NA,NA,NA,NA,NA,12.2877647793939,NA,NA,12.0642564813155,12.0572114493136,NA,NA,NA,NA
"","Unknown",0.006,14.979,NA,12.0217412639382,NA,NA,NA,NA,11.4647927502045,NA,NA,12.2277216940514,NA,12.3788128159231,NA,12.292780078178,NA,NA,NA,12.0825136677921,12.3502364557293,NA,NA,NA,NA,NA,NA,NA,NA,NA,NA,NA,NA,NA,NA,NA
"","Unknown",0.0073,15.932,NA,11.9400775637255,NA,NA,NA,12.1127674202222,NA,NA,NA,NA,NA,12.0067955205659,NA,12.2786146203441,NA,NA,NA,NA,12.3053420541182,NA,NA,NA,12.183360219392,NA,12.1618404363954,NA,NA,11.7403839596366,NA,NA,NA,NA,NA,11.6129378588131
"","Unknown",0.0038,13.426,NA,11.9038973893979,11.7375694793166,12.1379414083634,NA,11.3458101849631,NA,NA,12.2813140550816,NA,NA,12.2684493863005,NA,NA,11.5914450981556,NA,NA,11.3433888661902,NA,12.1045327459238,NA,NA,11.9261838712806,NA,11.600469319929,12.4500769512655,12.0152408766811,NA,NA,12.076949809281,12.319799276085,NA,NA,12.0816016084308
"","Unknown",0.0011,17.769,NA,11.7013742839277,NA,11.2766049078815,10.9011797578316,11.5060570727387,NA,NA,NA,NA,NA,NA,NA,12.3258672686095,11.6513504580876,12.5979088098339,11.7014253585008,11.5012148061668,11.5927518291334,11.4540392467586,11.8001094458061,NA,11.4210675957421,NA,11.4861929681935,12.0678275641094,NA,NA,10.6001493197211,NA,NA,NA,NA,NA
"","Unknown",0.0035,12.168,NA,11.6577113949495,NA,12.2857847202785,12.3106873521451,11.7768642820214,13.3654212683251,11.9142014514011,12.2104848405793,12.1465069788537,NA,12.0133430895243,NA,11.7516839483803,12.4609618106711,13.7185869555581,12.0225497325946,12.3673524159031,11.9000619072231,12.5541413740495,13.1711501754348,NA,11.8148192294352,NA,12.0429417474545,NA,NA,12.0641242652734,NA,NA,11.600575708664,11.6734956679712,NA,12.1818465643694
"","Unknown",0.0049,11.615,NA,11.5007670611096,NA,NA,NA,11.7715652650807,NA,NA,NA,NA,NA,11.6897740388158,NA,NA,NA,NA,NA,NA,NA,NA,NA,NA,11.5245685637084,NA,11.3709830554402,NA,NA,11.3568997003125,NA,NA,NA,NA,NA,11.3699192052578
"","Unknown",0.0048,17.464,NA,11.1416841282245,10.4876268702417,NA,11.0716687174633,11.0583279596908,NA,NA,NA,NA,NA,10.4831949024824,NA,11.4709105384428,NA,10.5848793777097,10.7845887089343,10.2808439446941,11.1406427525764,NA,NA,NA,10.867583813027,NA,NA,NA,NA,10.5710570757578,NA,NA,NA,NA,NA,NA
"","Unknown",0.0056,12.572,NA,10.9167614672176,11.1113229967646,NA,NA,NA,10.9092441089701,NA,NA,NA,NA,NA,NA,11.1881182539481,NA,NA,NA,NA,NA,NA,10.5089452064355,NA,NA,NA,10.9638235794109,NA,NA,NA,NA,NA,NA,NA,NA,NA
"","Unknown",7e-04,3.613,NA,10.8518199368169,11.153159700659,NA,NA,NA,NA,NA,NA,NA,NA,NA,NA,10.3105102078855,NA,NA,NA,11.059721976989,NA,NA,NA,NA,NA,NA,10.5984859386395,NA,NA,NA,NA,NA,NA,NA,NA,NA
"","Unknown",0.0011,15.545,NA,10.8865188784374,NA,NA,11.1338148188579,NA,NA,NA,NA,NA,10.8300679493757,NA,NA,10.9644162139939,NA,11.0565132224109,NA,NA,10.9014784888166,11.7755834916562,NA,NA,10.8880285545313,NA,10.8077714614151,NA,NA,NA,10.7441842908485,10.9990581401879,11.1871234801436,NA,NA,NA
"","Unknown",0.0039,11.539,NA,10.6868209968563,10.317241706892,NA,NA,10.8853947960308,NA,NA,NA,NA,11.8087681198865,11.0747268129719,NA,10.5903030774296,NA,NA,10.0463379653586,NA,10.7495968561988,12.0375915075434,NA,NA,10.9958023825189,NA,10.8963097618923,11.7707593850032,11.8622334005726,11.0394947735862,11.3712293564662,11.8016812557802,11.4028503998629,NA,NA,11.3097809075383
"","Unknown",0.0034,17.651,NA,10.7155612114759,10.4640994726602,NA,NA,NA,NA,NA,NA,NA,NA,10.0821296266453,NA,NA,10.096071118144,NA,NA,NA,10.5612300784868,NA,NA,NA,NA,NA,NA,NA,NA,10.1254205641264,NA,NA,NA,NA,NA,NA
"","Unknown",0.0038,11.277,NA,10.4355332915567,10.8754589223086,NA,NA,10.5395603022511,NA,NA,NA,NA,NA,NA,NA,NA,NA,10.5837087332932,NA,NA,11.2498086435347,NA,10.5814497529207,NA,11.1371946040604,NA,11.1738111680783,NA,10.715349073484,NA,NA,NA,NA,10.7082122326478,NA,NA
"","Unknown",0.0019,12.824,NA,10.4083139726887,10.3856885613799,NA,NA,NA,NA,NA,NA,NA,NA,NA,NA,NA,NA,NA,NA,NA,NA,NA,9.98371479063988,NA,10.53079902376,NA,NA,NA,NA,NA,NA,NA,NA,NA,NA,10.7516272732568
"Serine 3TMS","Unknown",0.0066,5.932,NA,NA,19.3344597634996,NA,19.8260378603973,19.2713209411194,19.9007432137765,19.5007672574574,19.0571543462066,19.6905107968317,NA,NA,NA,NA,19.3765828211713,19.935373302751,20.2050916562475,19.7434045576357,19.5414895467806,19.4673384173844,20.1002239414057,NA,19.4446785576868,NA,NA,NA,19.7668989727411,NA,NA,NA,NA,20.3342040444371,NA,NA
"Allantoin 4TMS","Unknown",0.0035,10.546,NA,NA,19.3011322266375,18.7553549453682,19.1119495209088,NA,NA,NA,NA,NA,NA,18.9222033114268,NA,19.051479007224,NA,20.0376523725573,19.1048420378248,19.2992941041057,NA,18.5661615556264,NA,NA,NA,NA,18.7139579264737,17.9457926963817,NA,NA,NA,NA,18.2418665085102,NA,NA,NA
"Ethanolamine 3TMS","Unknown",6e-04,5.952,NA,NA,19.308084520973,19.4828180587635,19.4541248211237,19.2248209554871,18.8965863273048,19.0730236182878,19.087904285231,19.077949927769,NA,19.3576368958809,NA,19.4065920995125,14.0655307902646,19.4037383097078,NA,19.3045863781756,19.3692390402207,19.3271087562787,19.1682597816507,NA,19.2751303278657,NA,NA,NA,19.5033529696662,19.5306563775227,NA,NA,NA,NA,NA,NA
"","Unknown",0.0055,3.056,NA,NA,18.5767182960835,NA,NA,NA,NA,18.7108532326525,18.870986056621,18.5817922222482,NA,NA,NA,NA,NA,NA,18.9021858442566,19.1049759953044,NA,NA,NA,NA,NA,NA,NA,NA,NA,NA,NA,NA,NA,18.3091149497971,NA,NA
"","Unknown",0.0079,12.728,NA,NA,18.5336977949686,NA,NA,NA,18.3219538057455,NA,18.2270420251757,18.0513725226597,NA,18.4420140409613,NA,NA,NA,18.467156838007,18.2939961685442,18.5365976484316,NA,NA,18.2805090764958,NA,NA,NA,NA,NA,NA,NA,NA,NA,NA,18.3139253003179,NA,NA
"","Unknown",0.005,5.565,NA,NA,17.6308962118222,NA,NA,NA,17.5651590489162,17.7281391052204,17.6283468486602,NA,NA,NA,NA,NA,NA,16.827411065188,NA,16.9551853644134,NA,NA,17.8130924225221,NA,NA,NA,NA,NA,NA,NA,NA,NA,NA,17.6377652848253,NA,NA
"","Unknown",0.0068,3.754,NA,NA,16.1382158955534,15.4996274155908,NA,NA,16.7572047107936,16.2415709600054,16.7523610222405,17.6542454129329,16.1097528084964,15.9346723666343,NA,NA,NA,NA,16.277793766797,16.2078327060775,16.4730983146527,15.8122049555346,16.3562468752483,NA,15.9723985221002,NA,15.9053313590131,16.3055047559234,16.3083050031697,16.6315421209916,16.3629517843771,15.6982962477553,16.5938925915196,16.5854504129743,NA,16.2102843343578
"B-Alanine 3TMS","Unknown",0.0038,6.522,NA,NA,16.0043864241664,15.793669918578,16.0378921619899,15.90492619322,NA,NA,16.0056522700972,15.8843666905009,NA,16.1071681180488,NA,15.8647161603488,NA,NA,15.8082573661153,NA,16.1235085058842,NA,NA,NA,16.0521164882172,NA,16.047273981064,NA,NA,16.2425533757398,NA,NA,NA,15.9971320268871,NA,16.1046904738134
"","Unknown",0.0031,6.542,NA,NA,15.9143419343841,16.1769593912791,15.8673255765333,NA,NA,NA,15.7888334185325,15.7157592436787,NA,15.9095718707519,NA,15.6477484800079,NA,NA,16.1021798990479,NA,16.1208762477486,NA,NA,NA,15.8818592582586,NA,16.0238263925202,NA,NA,16.0266291930129,NA,NA,NA,15.8261231287458,NA,15.8983203305573
"","Unknown",0.0058,9.188,NA,NA,15.6684188780133,NA,NA,NA,NA,NA,NA,NA,NA,NA,NA,NA,14.9528911269242,NA,NA,15.8816049473124,NA,NA,16.0466658077403,NA,15.676812997874,NA,NA,NA,NA,NA,NA,NA,NA,NA,NA,15.747115417715
"","Unknown",0.0043,7.195,NA,NA,15.5868181084643,NA,NA,15.8817837109768,NA,NA,NA,NA,NA,NA,NA,NA,NA,14.5846131857458,14.8177203189217,14.9544228498652,15.0538544071207,NA,NA,NA,15.7481396814319,NA,NA,NA,NA,15.089552253195,NA,NA,NA,NA,NA,15.8967575911875
"","Unknown",0.0055,10.675,NA,NA,15.4951997353895,15.0688987502745,15.0630233375698,15.2747123090302,15.1239164643965,NA,NA,NA,15.071137801166,14.3274266776282,NA,NA,NA,15.2315910599701,15.2089783102852,15.2511202096486,14.8922049168267,NA,15.1118974246996,NA,14.9049486327039,NA,NA,NA,NA,14.8253698601148,14.3786473491202,NA,14.0655367211511,NA,NA,14.5110015284288
"","Unknown",0.0031,16.975,NA,NA,15.3928040203089,NA,NA,NA,14.6409345850596,13.8716790471032,14.6220418356298,14.8504269444695,15.0225667596932,15.0592203082142,NA,15.9009493931155,NA,15.4269354409653,15.2415835112806,14.6877155650508,NA,NA,NA,NA,15.2690395683949,NA,15.6821455883263,NA,NA,NA,NA,NA,NA,14.6098347318958,NA,NA
"","Unknown",0.0063,3.188,NA,NA,14.9520180011592,NA,NA,NA,NA,NA,NA,NA,NA,NA,NA,NA,NA,NA,NA,15.3622010170344,NA,NA,NA,NA,NA,NA,NA,NA,14.6682348285711,NA,14.7670392212162,14.9408627096144,NA,NA,NA,NA
"","Unknown",0.0048,15.703,NA,NA,14.9082365435116,NA,NA,NA,14.3190617172412,14.0689004686286,14.5945517929735,15.1040537981492,NA,NA,NA,NA,NA,15.4193174367335,14.4997388990038,14.808683001161,NA,NA,14.7228138080098,NA,NA,NA,NA,NA,NA,NA,NA,NA,NA,13.6198114811109,NA,NA
"","Unknown",0.0027,3.636,NA,NA,14.5648862978635,NA,NA,NA,14.1445203665332,14.4237378432022,14.0377204961461,14.0610295909074,NA,NA,NA,NA,NA,14.5668353192542,14.0953668399522,13.7634938003112,NA,NA,14.3874194849585,NA,NA,NA,NA,NA,NA,NA,NA,13.1755734689564,NA,14.4957375235126,NA,NA
"","Unknown",0.0044,4.583,NA,NA,14.2404288938045,NA,NA,NA,15.4531481267861,15.3449936805149,15.6661975149076,16.6120849561179,14.883230032123,15.1266043571538,NA,NA,NA,NA,15.5171141917311,15.5695283776578,NA,15.4000020933579,15.5596384221531,NA,NA,NA,NA,14.4588945945655,14.3234493834798,NA,15.086261172765,NA,NA,16.0540030477269,NA,NA
"2-Hydroxypyridine TMS","Unknown",0.0052,3.401,NA,NA,13.7947341206986,NA,NA,13.9816960040268,NA,14.540740360048,NA,NA,NA,NA,NA,NA,NA,NA,NA,NA,13.8305356175625,NA,14.5384247095491,NA,14.0930845500047,NA,NA,NA,NA,NA,NA,NA,NA,14.3968304261041,NA,14.3444149410932
"","Unknown",0.002,16.546,NA,NA,13.6852564883759,NA,NA,NA,NA,NA,NA,NA,NA,13.5110513549117,NA,13.8352010382119,NA,14.0384185449824,NA,13.5385615551166,13.795724877699,13.370807062468,13.3456127257235,NA,NA,NA,NA,13.5602827032156,NA,NA,NA,NA,NA,NA,NA,NA
"","Unknown",0.0035,6.775,NA,NA,13.6110035318885,13.7582063444818,13.511718914456,NA,NA,NA,NA,NA,14.1101174099324,NA,NA,13.5363885517983,NA,NA,NA,NA,NA,13.7965588854116,NA,NA,NA,NA,NA,14.1185548962504,NA,NA,14.2418608982841,NA,14.3317166165594,NA,NA,NA
"","Unknown",0.0021,13.328,NA,NA,13.6323189334024,NA,13.6859377931603,13.3542446318598,NA,13.9089764045935,NA,NA,NA,NA,NA,NA,NA,13.9625998138818,NA,13.304942124248,NA,12.9536994123643,13.4385179450267,NA,13.2024626022539,NA,NA,NA,NA,13.0701530122495,NA,NA,12.9308208569928,NA,NA,NA
"","Unknown",0.0032,10.177,NA,NA,13.3862182426622,NA,NA,NA,13.6916449421767,13.8815886222963,NA,NA,13.1951068445331,13.0677897299962,NA,12.7286185747329,NA,NA,NA,13.6945421110185,NA,13.1763337801238,NA,NA,12.9150177878276,NA,NA,11.3992798790178,12.41381022529,12.7581980856575,12.2322848552672,12.6130066067957,NA,NA,NA,12.9193832274293
"","Unknown",0.0033,8.419,NA,NA,13.2034622872326,10.9086257131892,NA,12.5396666051775,13.4179421794414,12.6643294642466,NA,11.7301390607934,NA,10.644046900201,NA,NA,NA,NA,10.5800325117214,NA,10.4355943571699,NA,12.1509078334299,NA,11.8436269641912,NA,NA,NA,NA,11.1776869753927,NA,NA,NA,12.6099346226601,NA,12.3082341452218
"","Unknown",0.0082,4.646,NA,NA,12.5998693727858,12.1758070153729,NA,NA,NA,12.7335260037381,NA,NA,NA,12.1887733162513,NA,NA,NA,12.728128501322,12.7594684211933,12.6980682483189,NA,12.4358741022597,NA,NA,NA,NA,NA,11.8440871086369,11.5626168252024,13.0324305081335,12.1867175691497,NA,12.564328840994,12.7779336416778,NA,12.4719098037455
"","Unknown",0.0083,15.309,NA,NA,11.9234729747381,13.5280512957906,12.8780176479786,NA,NA,NA,NA,NA,NA,NA,NA,12.2902170312641,NA,11.2883285611071,NA,NA,NA,NA,NA,NA,NA,NA,NA,NA,NA,NA,NA,NA,NA,NA,NA,11.6404198348591
"","Unknown",0.0024,8.823,NA,NA,11.7488085348338,NA,NA,NA,12.2072380970178,11.9238443236892,NA,NA,NA,NA,NA,NA,NA,NA,10.9961535458151,11.9711379772468,NA,NA,NA,NA,12.0902627863046,NA,NA,NA,NA,NA,NA,NA,NA,12.2952578177307,NA,NA
"","Unknown",0.0023,7.628,NA,NA,12.3208074227966,NA,NA,12.7477849232841,13.2967944202481,12.589116945139,13.1221223376867,12.9506069620834,NA,NA,NA,NA,NA,NA,NA,10.9693300234596,NA,NA,12.5478565298631,NA,12.679918908335,NA,NA,NA,NA,11.4367280113505,NA,NA,NA,NA,NA,12.4520421126904
"","Unknown",0.0041,8.983,NA,NA,11.6381493413876,12.0624743313,11.9927999099375,12.5488847552096,12.6503328401835,12.3491178009174,12.573963054562,12.3568955752471,12.554610166579,12.5664400925042,NA,NA,NA,11.7465593573264,11.6469833216304,11.3817358357087,11.8172248133636,12.3190607175847,11.9997267803326,NA,12.7261336451565,NA,NA,12.5551918974165,12.6573988484381,12.8392136823116,12.6322808250691,12.728122380575,13.075662139917,12.7529412061607,NA,13.1801463939627
"","Unknown",0.0033,10.939,NA,NA,11.6199463211511,NA,NA,NA,12.4978115406418,NA,12.9604863809788,13.2878320919093,12.7515223681989,NA,NA,NA,NA,NA,NA,12.0733362372907,NA,NA,12.4461951999545,NA,NA,NA,NA,NA,10.8299232274992,11.1589799471235,NA,11.6045707258411,NA,11.8197470452117,NA,11.6606749977517
"","Unknown",0.0021,18.423,NA,NA,11.5490350062258,NA,NA,NA,NA,NA,NA,11.3156890835724,NA,NA,NA,12.0480712161018,NA,NA,11.9671218897046,11.7268421163349,11.4009702002487,NA,12.0505736576646,NA,10.9715058430449,NA,11.3805566193798,NA,NA,NA,NA,NA,NA,NA,NA,NA
"Ferulic acid 2TMS","Unknown",0.0029,12.396,NA,NA,11.148103923866,11.4186967590004,NA,NA,11.1735244378928,11.0172422614513,11.8226726844061,11.9030804338185,NA,12.182733884152,NA,NA,NA,NA,10.9590704131503,11.4325412041593,11.4844573493827,11.1068184758345,10.6408714882859,NA,11.3733102799034,NA,11.8089411037986,11.6070884299798,11.1887084514615,11.3987458668801,11.6484873971684,11.3500480668086,11.2899433463478,11.0807278617657,NA,11.8059152775362
"","Unknown",0.0038,15.988,NA,NA,10.2052461636191,NA,11.3570903272128,NA,10.1151442195269,9.64355930738343,NA,NA,10.8623636315651,NA,NA,NA,NA,NA,NA,NA,NA,NA,NA,NA,NA,NA,NA,NA,11.3180186111023,NA,11.2412463493643,NA,NA,NA,NA,NA
"","Unknown",7e-04,16.351,NA,NA,10.2008858725255,NA,NA,NA,NA,9.45469386585982,9.67916315028504,NA,NA,NA,NA,NA,NA,NA,9.33106398250836,9.26993942492689,NA,NA,NA,NA,NA,NA,NA,NA,NA,NA,NA,NA,NA,NA,NA,NA
"","Unknown",0.0034,11.348,NA,NA,9.10768403666218,8.49373989575391,NA,NA,NA,NA,NA,NA,NA,NA,NA,NA,NA,NA,9.18711011776576,8.81506053712292,NA,NA,NA,NA,NA,NA,NA,8.0662921679332,NA,NA,NA,NA,NA,NA,NA,NA
"Aconitic acid 3TMS","Unknown",0.0058,9.605,NA,NA,NA,22.8328410836187,22.5890967280033,NA,NA,NA,NA,NA,NA,NA,NA,22.5409504639099,22.9826889408661,22.7189890981068,NA,NA,NA,22.6299853132779,22.3576818352207,NA,NA,NA,NA,22.7763212657648,22.6904704144315,NA,22.6356084291951,22.8210209994923,22.7210043484756,NA,NA,NA
"Aspartic acid 3TMS","Unknown",0.0043,7.553,NA,NA,NA,20.9086841143827,21.1852297263382,20.2063370160029,NA,NA,NA,NA,NA,20.2368409740357,NA,NA,19.9626920072269,NA,NA,NA,20.2052810012766,20.5438260872861,NA,NA,20.3481176734288,NA,NA,NA,NA,NA,NA,NA,20.5438303982692,20.4415600525462,NA,20.1699645702164
"Glucose 1P","Unknown",0.0047,9.234,NA,NA,NA,19.4889954544484,19.6554713601648,NA,NA,NA,NA,NA,20.0726708739117,19.8464554134047,NA,NA,18.7942253390017,NA,NA,NA,19.3372745020879,19.5720151205836,NA,18.1008073651701,NA,NA,19.0310711283667,19.4016100102777,19.4393412441444,19.3849115391274,19.727574050583,19.4191484713087,19.6743550251927,NA,18.4493216267463,NA
"Lysine 4TMS","Unknown",0.0034,10.126,NA,NA,NA,19.2783696110518,19.3021034807977,NA,NA,NA,NA,NA,NA,NA,NA,18.1884992542403,19.0244182519016,NA,NA,NA,NA,19.2217748216055,18.6049184021017,NA,NA,NA,NA,17.8231972346976,NA,NA,NA,NA,18.6624377554582,NA,NA,NA
"Galactinol","Unknown",0.0039,15.426,NA,NA,NA,18.8623048971912,18.7906789655498,NA,NA,NA,NA,NA,NA,NA,NA,NA,17.4842079169927,NA,NA,NA,NA,18.1607995184837,NA,NA,NA,NA,NA,NA,NA,NA,NA,NA,17.3496885098028,NA,NA,NA
"","Unknown",0.0026,14.576,NA,NA,NA,18.5169959677819,18.7912352666846,NA,NA,NA,NA,NA,18.7757490339431,NA,NA,NA,18.7303859407786,NA,NA,NA,NA,18.1706504159353,NA,NA,NA,NA,NA,NA,18.2796980027018,NA,18.3871013308857,18.2950030724398,NA,NA,NA,NA
"Lactic acid","Unknown",0.0055,3.203,NA,NA,NA,18.4878428127139,NA,NA,NA,NA,18.8465893613877,NA,NA,NA,NA,NA,NA,19.274090789852,NA,NA,NA,18.6017509092356,18.1364784908302,NA,NA,17.7828487246641,NA,NA,NA,NA,NA,NA,17.7158051557457,NA,NA,NA
"Caffeic acid","Unknown",0.006,12.247,NA,NA,NA,18.0732520674636,17.5679478684524,NA,NA,NA,NA,NA,NA,NA,NA,NA,16.5592123205434,NA,NA,NA,NA,17.9311742730725,NA,NA,NA,NA,NA,17.5888665880526,NA,NA,NA,NA,18.0094328373687,NA,NA,NA
"","Unknown",0.0043,12.081,NA,NA,NA,17.4639130193754,17.7087104938035,NA,NA,NA,NA,17.9094439870707,NA,17.6045107315085,NA,NA,NA,NA,NA,NA,NA,NA,17.8617629740145,NA,NA,NA,NA,17.258596675424,NA,NA,NA,NA,NA,17.7564231443021,NA,NA
"","Unknown",0.0092,4.833,NA,NA,NA,17.4265976104039,NA,NA,NA,17.3816944650568,NA,17.2696589085868,NA,17.4137507147639,NA,NA,NA,NA,NA,NA,NA,NA,NA,NA,NA,NA,17.5148692913644,NA,NA,NA,NA,17.6238029057489,NA,NA,NA,NA
"","Unknown",0.003,5.74,NA,NA,NA,17.4594742110572,NA,NA,NA,NA,NA,NA,NA,NA,NA,17.2981088979303,NA,NA,NA,NA,NA,NA,NA,NA,NA,NA,17.4877461125637,17.5090642942309,17.4489887279056,17.4026346631256,17.4116742137526,17.3474011802399,17.7580655774628,NA,NA,NA
"Tyrosine 3TMS","Unknown",0.0051,10.828,NA,NA,NA,17.2249529072428,17.6929306896355,NA,NA,NA,NA,NA,NA,NA,NA,NA,NA,17.6454316136526,17.3890375896077,NA,NA,NA,NA,NA,NA,NA,NA,NA,NA,NA,NA,NA,16.4961182297687,NA,NA,NA
"","Unknown",0.0055,5.561,NA,NA,NA,16.8715528376567,16.9174173647281,NA,NA,NA,NA,NA,17.3271444367101,NA,NA,NA,NA,NA,NA,NA,NA,16.8599767816734,NA,NA,NA,NA,NA,NA,17.0858406772873,NA,17.0379820126355,17.2657959673369,17.3050919268919,NA,NA,NA
"Glycine 3TMS","Unknown",0.0044,5.392,NA,NA,NA,16.7466202094958,17.0476316984728,NA,NA,16.7435159787937,17.0216227103864,16.7793833651408,NA,NA,NA,NA,16.787265288063,16.6341386419338,16.6518337547083,NA,NA,16.8249478348291,16.6725466101474,NA,NA,NA,NA,NA,NA,NA,NA,NA,16.3946341248386,16.7863206968856,NA,NA
"","Unknown",0.0023,3.24,NA,NA,NA,16.4342791970902,NA,NA,16.6149088700805,NA,16.8494945958095,NA,NA,NA,NA,NA,NA,15.6869133029451,16.0970574876595,NA,NA,15.9369140440499,15.7702314416183,NA,NA,15.4998365309323,15.4924183839832,NA,NA,15.6099735135168,NA,NA,15.3128462830573,NA,NA,15.4093410932058
"","Unknown",0.0018,17.403,NA,NA,NA,16.191058074095,16.9243557943677,NA,NA,13.6446308044588,NA,NA,15.3369499170965,NA,NA,NA,17.1020810149509,NA,14.6870939331468,NA,NA,16.9644958957966,NA,NA,NA,NA,NA,NA,16.1671094755622,NA,15.7937750035256,15.6153689654032,NA,NA,NA,NA
"","Unknown",0.0079,10.371,NA,NA,NA,16.0744887163607,NA,NA,NA,16.7877889874986,16.9106483605113,NA,NA,NA,NA,NA,NA,NA,16.1774647427278,NA,NA,NA,NA,NA,16.5376585321237,NA,NA,NA,NA,NA,NA,NA,NA,NA,NA,NA
"Glycerol 3TMS","Unknown",0.0012,4.85,NA,NA,NA,15.9563288784621,NA,NA,NA,16.0190154096083,NA,16.3171318326992,15.9104548603128,16.2188056499476,NA,NA,NA,16.4011955202258,NA,NA,NA,NA,16.1755105089947,NA,NA,NA,16.1687076852322,NA,16.222455987195,NA,16.2015585132849,16.3053890369425,NA,NA,NA,NA
"","Unknown",0.0056,9.961,NA,NA,NA,15.8463231756385,15.4777082965549,NA,NA,NA,NA,NA,16.2195625864138,15.8985700969203,NA,NA,15.4941178752886,15.687540861877,15.1346717469671,15.111004113823,15.0988718244785,15.5976028672412,15.129361322172,NA,NA,NA,15.4117130611441,15.407805452468,16.0818005897842,15.1862099181171,16.2504319949048,16.4305527471787,15.0600336375911,NA,NA,NA
"","Unknown",0.0069,3.416,NA,NA,NA,15.0214007797236,NA,NA,NA,NA,15.9861520470636,15.8704312293358,15.7057173140444,NA,NA,NA,NA,NA,14.4720927518366,14.6454391485639,NA,14.5119070217771,NA,NA,NA,NA,NA,14.2296746989514,NA,NA,14.8907382113299,15.6095209278846,14.8683054223593,NA,NA,NA
"","Unknown",0.0032,8.907,NA,NA,NA,14.3658009463189,14.9058412950533,NA,15.1826525120225,NA,NA,NA,15.1156795748314,14.8656337748574,NA,NA,14.4283927682531,NA,NA,NA,14.7696383195253,14.5857724720307,NA,NA,14.7339016137168,NA,NA,NA,NA,14.8358248918105,NA,NA,NA,NA,NA,15.0136477812231
"","Unknown",0.0032,16.027,NA,NA,NA,14.2262022148426,NA,NA,NA,NA,NA,NA,13.5129546784259,NA,NA,NA,NA,NA,NA,NA,NA,14.0696310288207,NA,NA,NA,NA,NA,NA,NA,NA,13.3236759788625,13.6570489437305,NA,NA,NA,NA
"","Unknown",0.0065,10.915,NA,NA,NA,14.0134083737742,14.2092127122964,NA,NA,NA,NA,NA,13.2840939323185,NA,NA,NA,13.551555229992,NA,NA,NA,NA,14.0521632224714,NA,NA,NA,NA,NA,NA,NA,NA,NA,NA,NA,NA,NA,NA
"","Unknown",0.0098,11.724,NA,NA,NA,13.6954365838114,13.6504598032424,13.4783620902435,NA,NA,NA,NA,NA,NA,NA,13.4107996007141,13.4195939239328,NA,NA,NA,13.5908991778768,13.5545881115969,NA,NA,13.9447375596718,NA,13.5139539255556,NA,NA,13.7987362851491,NA,NA,NA,NA,NA,13.635543581096
"","Unknown",0.0062,15.365,NA,NA,NA,13.5973501863853,13.3186058274475,NA,NA,NA,NA,NA,13.0964786706443,NA,NA,NA,14.3500927891471,NA,NA,NA,NA,13.3612457993105,NA,NA,NA,NA,NA,NA,13.1751214565285,NA,NA,13.2789299960616,NA,NA,NA,NA
"","Unknown",0.0021,11.611,NA,NA,NA,13.2056126956554,NA,NA,NA,NA,NA,NA,12.5033202289507,NA,NA,NA,12.0076776861473,NA,NA,NA,NA,13.2508991317478,NA,NA,NA,NA,NA,NA,12.9415929266817,NA,12.3929800938776,12.7243495116989,12.4162970061188,NA,NA,NA
"","Unknown",0.0045,17.865,NA,NA,NA,12.9027756049122,12.8544320227996,NA,NA,NA,NA,NA,NA,NA,NA,NA,NA,NA,NA,NA,NA,12.9205902462364,NA,NA,NA,NA,NA,NA,NA,NA,12.6658349054221,NA,12.1700518470402,NA,NA,NA
"","Unknown",0.0033,9.456,NA,NA,NA,12.4578825284497,12.7527096470518,NA,NA,NA,NA,NA,NA,12.7387705476571,NA,NA,12.160007698275,NA,NA,NA,NA,NA,NA,NA,NA,NA,NA,13.5263840590204,NA,13.1618818101118,13.3335850876133,NA,NA,NA,NA,NA
"","Unknown",0.004,14.865,NA,NA,NA,12.6340268087639,12.5228440289207,NA,NA,NA,NA,NA,NA,NA,NA,11.5777042320519,NA,NA,NA,NA,NA,NA,NA,NA,NA,NA,NA,12.0274477776427,NA,NA,NA,12.1089244879229,NA,NA,NA,NA
"","Unknown",0.0027,8.224,NA,NA,NA,12.2045206148052,11.2581870506467,NA,NA,NA,NA,NA,13.2288666312199,12.8368883722035,NA,NA,NA,NA,12.0726253051807,NA,NA,11.9560324429658,NA,NA,NA,NA,NA,11.901989933216,NA,NA,12.4938347387797,NA,12.6019470134147,NA,NA,NA
"","Unknown",4e-04,3.14,NA,NA,NA,11.0677786605202,NA,NA,NA,11.9586388770233,NA,NA,NA,NA,NA,NA,NA,NA,NA,NA,NA,10.905778128071,11.5911239667225,NA,NA,NA,NA,11.274467137691,NA,NA,NA,NA,NA,NA,NA,NA
"","Unknown",0.0052,14.538,NA,NA,NA,10.2834329720391,NA,NA,NA,NA,NA,NA,9.00984019935079,NA,NA,NA,10.3721550968662,NA,NA,NA,NA,9.58352723029921,NA,NA,NA,NA,NA,9.9636635629018,NA,NA,NA,NA,NA,NA,NA,NA
"Citric acid 4TMS","Unknown",0.0061,9.766,NA,NA,NA,NA,18.8084203984657,NA,NA,NA,NA,NA,18.4578563616741,NA,NA,NA,18.721426012778,NA,NA,NA,NA,18.0687364142324,NA,NA,NA,NA,NA,18.0553838957606,18.1497545723896,NA,18.2735149673957,18.3174539099633,18.017691026018,NA,NA,NA
"","Unknown",0.0033,10.197,NA,NA,NA,NA,13.7185242842365,13.8673023738042,NA,NA,NA,NA,NA,NA,NA,NA,NA,NA,NA,14.2424294165236,13.5134298465222,13.6018817535794,NA,NA,13.821532713575,NA,NA,NA,NA,13.8141924908275,NA,NA,13.6264325666349,NA,NA,13.804406425136
"","Unknown",0.0059,11.654,NA,NA,NA,NA,13.2547751588368,NA,NA,NA,NA,NA,NA,NA,NA,NA,13.2183456824907,NA,NA,NA,NA,13.4298948918419,NA,NA,NA,NA,NA,13.1307535520821,NA,NA,13.4521857580537,NA,NA,NA,NA,NA
"","Unknown",0.0081,15.736,NA,NA,NA,NA,11.7839052583386,NA,NA,NA,NA,NA,11.4384456688694,NA,NA,NA,12.4762414982219,NA,NA,NA,NA,NA,NA,NA,NA,NA,NA,11.6509511163539,11.6481505188973,NA,NA,11.3162853538949,NA,NA,NA,NA
"","Unknown",0.0025,8.657,NA,NA,NA,NA,10.5466334239494,NA,NA,NA,NA,NA,10.8852256364269,NA,NA,NA,NA,NA,NA,NA,NA,10.9705848837048,NA,NA,NA,NA,NA,NA,NA,NA,10.8686346955468,11.2010780268489,NA,NA,NA,NA
"","Unknown",6e-04,12.821,NA,NA,NA,NA,10.0066223822768,10.5900986002021,NA,9.90023973150838,9.57405733850848,NA,NA,10.0777615844567,NA,NA,11.0052196668174,NA,9.83580779356752,NA,NA,NA,NA,NA,NA,NA,10.435519367269,NA,NA,10.6135180357998,NA,NA,NA,NA,NA,NA
"Fructose","Unknown",0.0065,9.565,NA,NA,NA,NA,NA,22.7639637726405,NA,22.9820055105068,23.3410739219433,22.7589552641773,NA,NA,NA,NA,NA,NA,NA,NA,NA,NA,NA,NA,22.76555890245,NA,NA,NA,NA,22.7993036505878,NA,NA,NA,22.9321160377726,NA,22.7371016209619
"Aconitic acid 3TMS","Unknown",0.0031,9.595,NA,NA,NA,NA,NA,21.5039532301054,NA,21.3972122269998,21.443905326708,21.3224329255007,NA,NA,NA,NA,NA,NA,NA,NA,NA,NA,NA,NA,21.3514308920147,NA,NA,NA,NA,21.3917525462684,NA,NA,NA,21.384739832827,NA,21.3850338739925
"","Unknown",0.0019,6.19,NA,NA,NA,NA,NA,18.8076611359043,NA,NA,19.039090316014,18.9912369779698,NA,NA,NA,NA,NA,NA,NA,NA,NA,NA,NA,NA,18.566948536999,NA,NA,NA,NA,18.6243105055279,NA,NA,NA,NA,NA,18.8823123918939
"","Unknown",0.0067,3.067,NA,NA,NA,NA,NA,18.5783571115617,18.0743862848918,NA,NA,NA,NA,NA,NA,NA,NA,NA,NA,NA,NA,NA,18.4613857084127,17.7240364671313,19.0601818853004,NA,NA,NA,NA,NA,NA,NA,NA,NA,NA,18.7755714466459
"","Unknown",0.0049,3.947,NA,NA,NA,NA,NA,17.5835613570533,17.4975448011361,NA,17.4602952213919,NA,NA,NA,NA,NA,NA,NA,NA,NA,NA,NA,NA,NA,NA,NA,NA,NA,NA,NA,NA,NA,NA,17.2504880685241,NA,17.2334763482135
"","Unknown",0.0076,10.359,NA,NA,NA,NA,NA,16.5174428371179,NA,NA,NA,NA,NA,NA,NA,NA,NA,17.4009599519827,NA,16.9606744163061,16.385390090374,NA,NA,NA,NA,NA,16.3159838671631,NA,NA,NA,NA,NA,NA,NA,NA,16.3116294422643
"","Unknown",0.0063,3.417,NA,NA,NA,NA,NA,16.3660660515448,NA,15.7755121350073,NA,NA,NA,NA,NA,NA,NA,NA,NA,NA,15.6984352964021,NA,15.5267355881112,NA,16.3458762748642,NA,NA,NA,NA,15.6827795127748,NA,NA,NA,15.3648837569854,NA,16.288243472154
"","Unknown",0.0048,10.03,NA,NA,NA,NA,NA,15.9947569669299,NA,NA,NA,16.3379816697451,NA,16.1671261796864,NA,NA,NA,16.3501651519966,NA,NA,15.9488573136028,NA,NA,NA,15.8853491643384,NA,NA,NA,NA,NA,NA,NA,NA,16.0011261870023,NA,NA
"","Unknown",0.0103,8.28,NA,NA,NA,NA,NA,14.9023550294711,NA,NA,NA,NA,NA,15.0225300572359,NA,14.5623789356244,NA,NA,NA,NA,14.8625079892804,NA,NA,NA,NA,NA,15.0211271769931,NA,NA,NA,NA,NA,NA,NA,NA,NA
"","Unknown",0.0063,3.961,NA,NA,NA,NA,NA,14.8672968153121,14.7851190751062,15.3946308222831,NA,16.1141425369082,NA,NA,NA,NA,NA,NA,NA,NA,NA,NA,15.276520302892,NA,14.9338133451655,NA,NA,NA,NA,NA,NA,NA,NA,NA,NA,NA
"3,4-Dihydroxybenzoic acid","Unknown",0.0067,10.067,NA,NA,NA,NA,NA,14.0448380626612,NA,NA,NA,NA,NA,NA,NA,NA,NA,NA,13.6298135176209,NA,NA,NA,NA,NA,14.5255709365142,NA,NA,NA,NA,14.7036490081207,NA,NA,NA,NA,NA,14.9056106623124
"","Unknown",0.0046,7.121,NA,NA,NA,NA,NA,13.586531974384,13.8977958208159,14.3500815151604,14.4894344782351,14.842894950101,NA,NA,NA,NA,NA,NA,NA,NA,NA,NA,13.8787988013184,NA,NA,NA,NA,NA,NA,NA,NA,13.055870448787,NA,13.7073925787491,NA,NA
"","Unknown",0.0028,6.776,NA,NA,NA,NA,NA,13.6457562294269,13.6096339323961,13.7586555801561,NA,13.6734702181917,NA,13.7312805897806,NA,NA,NA,13.7049345917943,NA,13.8705038175993,13.9544219208161,NA,13.7230194077882,NA,13.8160027174679,NA,13.8467990548877,NA,NA,14.1743854058963,NA,NA,NA,13.7957933824629,NA,NA
"","Unknown",0.0019,16.396,NA,NA,NA,NA,NA,12.8205941233362,NA,NA,NA,NA,NA,NA,NA,13.1155702764479,NA,13.1080182056843,NA,NA,NA,NA,NA,NA,12.6967478240894,NA,12.889244938742,NA,NA,NA,NA,NA,NA,NA,NA,NA
"","Unknown",0.0021,17.835,NA,NA,NA,NA,NA,12.7027332156422,NA,NA,NA,12.4577386036661,NA,NA,NA,13.0772226654296,NA,13.873932716491,13.1683122867723,NA,12.6566542163782,NA,NA,NA,NA,NA,12.6957686102844,NA,NA,NA,NA,NA,NA,NA,NA,11.9240478129454
"","Unknown",0.0034,3.901,NA,NA,NA,NA,NA,12.3662270888929,12.3075455868462,NA,NA,12.9424661702423,11.5929526981667,NA,NA,NA,NA,NA,NA,NA,NA,NA,NA,12.4515569853969,12.4220455630952,12.3727060281401,NA,NA,NA,NA,NA,NA,NA,12.0384730937431,NA,12.3189760301219
"","Unknown",0.0036,12.595,NA,NA,NA,NA,NA,11.1225179450343,NA,NA,NA,NA,NA,11.0433376246545,NA,10.9849656891802,NA,NA,NA,NA,NA,11.2772521077336,NA,NA,NA,NA,10.6372896921428,NA,12.9208272815683,NA,13.0308169036973,NA,NA,NA,NA,NA
"","Unknown",0.0053,12.574,NA,NA,NA,NA,NA,11.0496121145581,NA,NA,NA,NA,NA,NA,NA,NA,NA,NA,NA,NA,11.0210821494011,NA,NA,NA,11.1656759387432,NA,NA,NA,NA,11.0507661409879,NA,NA,NA,NA,NA,11.3498905868322
"Glucose 1P","Unknown",0.0045,9.238,NA,NA,NA,NA,NA,NA,19.7900187140642,NA,19.7453644005295,19.946786417091,NA,NA,NA,NA,NA,18.8274918805999,NA,19.0220511490143,NA,NA,NA,NA,19.6490253580722,NA,NA,NA,NA,NA,NA,NA,NA,19.8927104605446,NA,19.8725269209931
"","Unknown",0.0062,6.172,NA,NA,NA,NA,NA,NA,16.5671238796001,NA,NA,17.6403338713938,NA,NA,NA,NA,NA,16.6811629621819,NA,15.8320377904013,NA,NA,17.1426842611492,NA,NA,NA,NA,NA,NA,NA,NA,NA,NA,NA,NA,NA
"","Unknown",0.0041,16.079,NA,NA,NA,NA,NA,NA,15.4248928534468,15.1529697054939,15.5646924548506,16.0534982394476,NA,NA,NA,NA,NA,NA,15.589701445371,15.9307667782853,NA,NA,NA,NA,NA,NA,NA,NA,NA,NA,NA,NA,NA,14.8595803110878,NA,NA
"","Unknown",0.0044,10.195,NA,NA,NA,NA,NA,NA,15.0369978635647,14.8127661718227,14.3888159137063,NA,NA,NA,NA,NA,NA,14.1715637207882,NA,NA,NA,NA,14.9409600159362,NA,NA,NA,NA,NA,NA,NA,NA,NA,NA,14.9808797160013,NA,NA
"","Unknown",0.0017,4.434,NA,NA,NA,NA,NA,NA,13.1685744293639,13.2874199598341,NA,12.908844352618,NA,NA,NA,NA,NA,13.1578979520754,13.451429248177,12.6433967821489,NA,NA,13.2231497133852,NA,NA,NA,NA,NA,NA,NA,NA,NA,NA,13.0513720879892,NA,NA
"","Unknown",0.0019,10.889,NA,NA,NA,NA,NA,NA,12.9564313583229,12.4808628245254,13.4703910153209,13.985138615595,NA,NA,NA,NA,NA,12.0660621818524,NA,12.6845537927606,NA,NA,13.1885022797569,NA,11.2713975727863,NA,NA,NA,NA,NA,NA,NA,NA,12.5330653530367,NA,NA
"","Unknown",0.004,9.283,NA,NA,NA,NA,NA,NA,12.7718939096699,12.898957981101,12.7163487218632,12.4900708763411,NA,12.5573085930199,NA,NA,NA,NA,NA,NA,NA,NA,NA,NA,12.0554062056161,NA,NA,NA,NA,12.412275519799,NA,NA,NA,NA,NA,12.4218465412502
"","Unknown",0.0083,6.71,NA,NA,NA,NA,NA,NA,12.5277757674131,NA,11.8505143287859,NA,NA,NA,NA,NA,NA,NA,NA,NA,NA,12.17325819127,NA,NA,NA,NA,NA,NA,NA,12.6488629282032,12.4197245874613,12.5377017086919,NA,NA,NA,NA
"","Unknown",0.0034,9.452,NA,NA,NA,NA,NA,NA,12.3298197974569,NA,NA,NA,12.735339382833,NA,NA,NA,NA,NA,12.1903055137829,NA,12.2442372681461,NA,NA,NA,NA,NA,11.7506456852573,NA,NA,NA,NA,NA,NA,NA,NA,NA
"","Unknown",0.0014,3.15,NA,NA,NA,NA,NA,NA,11.9718032245086,NA,12.1813648260284,12.3849703889656,11.925353803919,11.9896706634317,NA,NA,NA,NA,NA,NA,NA,NA,NA,NA,NA,NA,NA,NA,NA,NA,11.4613003646333,NA,12.0913229513383,12.0166711149432,NA,NA
"","Unknown",0.0051,15.748,NA,NA,NA,NA,NA,NA,11.2884623799542,NA,11.5537626405343,11.4902072163782,NA,NA,NA,NA,NA,11.7927094602965,11.7127261537518,11.4952750619182,NA,NA,11.6973540261206,NA,NA,NA,NA,NA,NA,NA,NA,NA,NA,NA,NA,NA
"Raffinose","Unknown",0.0043,16.955,NA,NA,NA,NA,NA,NA,NA,18.5698566597328,NA,18.8275955495841,NA,NA,NA,NA,NA,NA,NA,NA,NA,NA,NA,14.5364736564436,NA,NA,NA,NA,NA,NA,NA,NA,NA,19.6178717017379,16.7534244083576,NA
"","Unknown",0.0048,10.677,NA,NA,NA,NA,NA,NA,NA,15.5543115850832,15.9533175543369,15.5750776476982,NA,NA,NA,NA,NA,NA,NA,NA,NA,15.3000437939432,NA,NA,NA,NA,NA,NA,NA,NA,NA,NA,NA,15.824499905427,NA,NA
"","Unknown",0.0041,5.096,NA,NA,NA,NA,NA,NA,NA,16.1443191972166,16.0651965248835,15.9605360066463,NA,15.2805941506961,NA,NA,NA,15.5916876753623,NA,15.3686866137223,15.8836961000537,NA,15.9118728966665,NA,NA,NA,NA,NA,NA,15.4017219230326,NA,NA,NA,16.0494774755822,NA,NA
"","Unknown",0.0038,12.106,NA,NA,NA,NA,NA,NA,NA,12.7321961845515,NA,12.4568155324537,NA,13.0404513199346,NA,NA,NA,NA,NA,12.2437784987401,NA,NA,12.4923372122968,NA,NA,NA,NA,NA,NA,NA,NA,NA,NA,NA,NA,NA
"","Unknown",0.0039,3.301,NA,NA,NA,NA,NA,NA,NA,12.3114988680421,12.3037401610001,12.538456878115,12.0669899170191,12.360810315575,NA,NA,NA,NA,NA,NA,NA,NA,12.259806487274,NA,NA,NA,NA,NA,NA,NA,NA,NA,NA,12.3838670506979,NA,NA
"","Unknown",0.0029,11.808,NA,NA,NA,NA,NA,NA,NA,11.5193408068986,10.7663396324477,11.168185527594,NA,11.5232463396689,NA,NA,10.1104846507957,NA,NA,NA,NA,NA,12.1748592398997,NA,NA,NA,NA,NA,NA,NA,NA,NA,NA,NA,NA,NA
"Caffeic acid","Unknown",0.0052,12.246,NA,NA,NA,NA,NA,NA,NA,NA,17.9367002372037,17.9371880631364,18.806596970734,18.4132446075266,NA,NA,NA,NA,NA,NA,17.4782209288746,NA,NA,NA,17.4763694866897,NA,NA,NA,17.1281972433964,17.2649991477653,17.8090665632286,17.7077087489471,NA,NA,NA,17.768060444522
"","Unknown",0.0025,3.464,NA,NA,NA,NA,NA,NA,NA,NA,12.3015536116645,NA,NA,NA,NA,NA,NA,NA,NA,NA,12.2057987689424,NA,NA,NA,NA,NA,12.8069075977045,12.0932784576502,11.7125483738918,12.5644691184582,11.7788407468088,NA,12.2335577638312,NA,NA,NA
"","Unknown",0.0028,14.804,NA,NA,NA,NA,NA,NA,NA,NA,NA,9.35147292932627,NA,NA,NA,NA,NA,9.83974074150766,9.97016376824755,10.2533350154591,NA,NA,NA,NA,NA,NA,NA,NA,NA,10.3459525910309,NA,NA,NA,NA,NA,NA
"Aspartic acid 3TMS","Unknown",0.0046,7.558,NA,NA,NA,NA,NA,NA,NA,NA,NA,NA,20.9513539462611,NA,NA,NA,NA,NA,NA,NA,NA,NA,NA,NA,NA,NA,NA,21.0361806587408,21.6958777118062,NA,21.4123293557136,21.0159077318056,NA,NA,NA,NA
"","Unknown",0.0071,12.697,NA,NA,NA,NA,NA,NA,NA,NA,NA,NA,18.774619413172,NA,NA,NA,NA,NA,NA,NA,NA,NA,NA,NA,NA,NA,NA,18.4309249936205,18.7540222431658,NA,18.8948456770515,18.8337505239309,NA,NA,NA,NA
"","Unknown",0.004,7.015,NA,NA,NA,NA,NA,NA,NA,NA,NA,NA,18.5137190267898,NA,NA,NA,NA,17.9245088133802,NA,17.8575079218459,NA,NA,17.4799928074483,NA,NA,NA,NA,17.9096065566773,18.1468206458583,NA,18.7566382262858,17.9345098274102,NA,NA,NA,NA
"","Unknown",0.0049,4.942,NA,NA,NA,NA,NA,NA,NA,NA,NA,NA,17.7732649836658,NA,NA,NA,NA,NA,NA,17.9032459283737,NA,NA,18.0703027613776,NA,NA,NA,NA,17.4889958451726,18.0838863937989,NA,NA,NA,NA,NA,NA,NA
"Mesaconic acid 2TMS","Unknown",0.0026,6.663,NA,NA,NA,NA,NA,NA,NA,NA,NA,NA,15.9647053586782,15.6491682478912,NA,NA,NA,NA,NA,NA,15.7656579248329,NA,NA,NA,NA,NA,NA,NA,NA,15.8124935182376,16.1655538624577,15.9097849515128,15.8147293411311,NA,NA,NA
"","Unknown",0.0049,12.568,NA,NA,NA,NA,NA,NA,NA,NA,NA,NA,12.91513680519,NA,NA,NA,NA,NA,NA,NA,NA,NA,NA,NA,NA,NA,NA,12.6052400860992,12.971098466893,NA,13.019421236831,12.9134423193613,NA,NA,NA,NA
"","Unknown",0.0052,12.371,NA,NA,NA,NA,NA,NA,NA,NA,NA,NA,12.184276622967,NA,NA,NA,12.0536796796388,NA,NA,NA,NA,12.5288946433665,NA,NA,NA,NA,NA,12.2968774373999,NA,NA,12.2117408096433,NA,NA,NA,NA,NA
"","Unknown",0.0029,7.019,NA,NA,NA,NA,NA,NA,NA,NA,NA,NA,NA,15.4461350546465,NA,NA,NA,NA,NA,NA,15.335128669883,NA,NA,NA,15.3148297814457,NA,NA,NA,NA,15.3721773635957,NA,NA,NA,NA,NA,15.3382082949029
"","Unknown",0.0066,15.74,NA,NA,NA,NA,NA,NA,NA,NA,NA,NA,NA,11.7024237511319,NA,11.8262330363176,NA,NA,NA,NA,11.6950319318634,NA,NA,NA,11.614357987705,NA,11.9056817423487,NA,NA,NA,NA,NA,NA,NA,NA,11.3270204712139
"","Unknown",0.0049,6.188,NA,NA,NA,NA,NA,NA,NA,NA,NA,NA,NA,NA,19.8408594214382,NA,19.538670226738,NA,NA,NA,NA,NA,NA,20.1348184013776,NA,19.6152909448038,NA,NA,NA,NA,NA,NA,NA,NA,20.0457259193525,NA
"","Unknown",0.0035,6.571,NA,NA,NA,NA,NA,NA,NA,NA,NA,NA,NA,NA,19.4729238771375,NA,19.1937590005067,NA,NA,NA,NA,NA,NA,19.9180018488487,NA,19.5226930562054,NA,NA,NA,NA,NA,NA,NA,NA,20.0145949004404,NA
"Fructose","Unknown",0.0045,9.555,NA,NA,NA,NA,NA,NA,NA,NA,NA,NA,NA,NA,NA,21.3016723171839,NA,NA,NA,NA,NA,21.150489847578,21.1730016385011,NA,NA,NA,NA,21.36637363748,NA,NA,21.1361638894933,NA,21.0719894752088,NA,NA,NA
"","Unknown",0.0043,12.726,NA,NA,NA,NA,NA,NA,NA,NA,NA,NA,NA,NA,NA,15.8568088976215,NA,NA,NA,NA,NA,15.460178611241,NA,NA,15.8796216242957,NA,15.8230516163089,NA,NA,16.0501578311311,NA,NA,15.1129948111932,NA,NA,16.1600444348673
"FAME C30","Unknown",0.0039,18.272,NA,NA,NA,NA,NA,NA,NA,NA,NA,NA,NA,NA,NA,15.4174459146762,NA,15.3465811958784,15.2033285228674,14.610264752774,14.5489449482566,NA,NA,NA,NA,NA,NA,NA,NA,NA,NA,NA,NA,NA,NA,NA
"","Unknown",0.0027,18.623,NA,NA,NA,NA,NA,NA,NA,NA,NA,NA,NA,NA,NA,12.26156533608,NA,12.4472423734655,12.6352869344936,NA,11.8287872188596,NA,NA,NA,NA,NA,NA,NA,NA,12.1181714320489,NA,NA,NA,NA,NA,NA
"","Unknown",0.0015,3.032,NA,NA,NA,NA,NA,NA,NA,NA,NA,NA,NA,NA,NA,NA,NA,17.4996699821006,17.8088810019408,16.8714648821195,17.1666532398589,NA,NA,NA,NA,NA,NA,NA,NA,16.9669521532937,17.6960648367852,17.6166002920387,17.8860489779176,NA,NA,NA
"","Unknown",0.001,13.247,NA,NA,NA,NA,NA,NA,NA,NA,NA,NA,NA,NA,NA,NA,NA,12.531482491218,NA,NA,NA,11.8197856629425,11.8369020177351,NA,NA,NA,NA,12.3985823140187,11.9657855909861,NA,12.3398721486224,12.1246167558367,NA,12.166916826342,NA,11.9472645096492
"","Unknown",0.0059,3.051,NA,NA,NA,NA,NA,NA,NA,NA,NA,NA,NA,NA,NA,NA,NA,NA,NA,NA,18.5290333480532,NA,NA,NA,NA,NA,NA,NA,NA,18.5693212935154,18.30319753506,18.9285682804335,18.7627838744534,NA,NA,NA
"Isoleucine 2TMS","Unknown",0.0051,5.29,NA,NA,NA,NA,NA,NA,NA,NA,NA,NA,NA,NA,NA,NA,NA,NA,NA,NA,NA,NA,NA,NA,NA,NA,NA,16.075164766516,16.6872321932053,NA,16.3382672235754,16.1101017844992,16.7355506277386,NA,NA,NA
