"Name","Class","rt.sd","rt","S48","E0","E0.1","Pool","S0","S0.1","S0.2","E48","Pool.1","Pool.2","Blank","Pool.3","E0.2","S48.1","S0.3","S48.2","Pool.4","E0.3","S48.3","Blank.1","Pool.5","Blank.2","Pool.6","E48.1","E48.2","Pool.7","E48.3","E48.4","E0.4","S0.4","Blank.3","Pool.8"
"Sucrose","Unknown",0.0019,13.815,21.5634234184628,21.9185096954078,22.1152916156026,21.7082759457509,21.441686587061,21.3984426747885,21.9178457540425,21.4575599538502,21.7628085551268,21.7827271672856,NA,21.7857810730597,21.8230271232812,21.9882718681417,21.5287350734196,20.7834756651906,21.7740882184354,21.6857134476802,22.2460736648144,21.7581313863416,21.6567318924691,NA,21.7743474172091,21.9859680371262,21.4879978610348,21.7843382900856,21.699948420515,21.4948264229403,22.3732777032509,21.3519838731507,21.7581313858583,21.7025273907882
"Glucose","Unknown",0.003,9.716,19.9296831941483,17.687028052489,18.904024507412,19.6264650890149,20.1745798741988,20.4894770009712,19.6047243668536,19.829288887059,19.6113040714156,19.5923722863819,NA,19.6122552487261,19.4031164707083,19.1675587859783,19.7404906067709,20.1179418157555,19.5953521563004,19.7186683468887,19.2518420431545,NA,19.693827712359,NA,19.6352783144995,19.0509043987713,19.748359474556,19.575009242891,19.3147599775485,19.5748524863305,18.953785402763,19.952731583271,NA,19.6928547233105
"","Unknown",0.0033,11.141,18.5956332750827,16.377942476196,16.5149467782647,15.5684528617491,16.9549485506286,17.2375610161242,17.0563659002204,15.8883498923336,13.9820027749178,15.8090714376966,NA,NA,NA,14.5555363656055,15.2552283406213,14.3078108898768,15.0770664326094,NA,16.3980615117203,NA,16.037372732902,NA,NA,NA,14.5981049540056,NA,NA,16.1820532196069,NA,16.9047535298186,NA,NA
"Fructose","Unknown",0.0031,9.62,17.4062257086777,15.6646886069327,16.4319806225029,17.3534750364218,17.7511016448836,NA,17.4133883777304,17.4700891207505,17.321488313319,17.3747259253948,NA,17.3377936390542,16.8051747018717,17.3012604736755,17.5231317432013,17.9660218455115,17.3381121512443,17.1704207066504,17.1370263238482,NA,17.4734379573214,NA,17.3533882489242,17.0979862321593,17.2991303796784,17.4543645583576,17.1730913217375,17.4527954173451,16.6627729462833,17.6515561455092,NA,17.4868370910835
"Glucose","Unknown",0.0043,9.85,17.5124983209515,NA,16.7973377089966,17.265622994351,17.9052767283103,18.1539406769813,17.5930193201436,17.3292861226895,17.2648023448145,17.3805806447937,NA,17.2742067906116,17.188990588797,17.0570778027511,17.5018385821285,17.960922485449,17.1520524314276,17.3649594200854,17.0023536697692,NA,17.4852990538257,NA,17.2619865252734,17.0399424788686,17.3863321264316,17.1210079989028,17.1490936125078,17.2900255769879,16.7505922497581,17.6541200547762,NA,17.5462622389406
"Chlorogenic acid","Unknown",0.0023,16.826,16.6977914580559,18.0220951491423,18.7752856362123,17.3720686578357,16.2966097924417,16.9029758455746,17.1012375875828,17.3516568569071,17.3024495885925,17.4538673252517,NA,17.0509242293506,18.0424197866554,17.1246086014648,16.2479308480573,15.7551110997696,17.2541591219121,17.7983839680622,16.7056844674513,NA,17.2672547135247,NA,17.0362773473662,17.8673865490081,17.4976835646589,17.35151661577,17.6161437968608,17.087529462067,17.9602807938698,16.2507257281785,NA,17.3741673490735
"L-Alanine TMS","Unknown",0.0026,3.269,16.7014111818822,16.8361291927712,17.3178913142016,17.1784058701441,17.0590014280949,17.398963096494,17.5701139449194,14.9526117044275,17.290029767891,17.2252062024063,NA,17.1170575163052,17.1697031391364,18.4197584365,17.668097308579,17.3094624734383,17.2000395550394,16.9041882982903,18.5129999908832,NA,16.8858599685362,NA,17.3060465903693,15.9907540039578,14.9993061987322,17.1988474811604,14.7673041989046,14.172145013174,17.0315442885017,16.9806122960445,NA,17.1345836171166
"L-Asparagine 3TMS","Unknown",0.0032,9.057,16.5774927292172,17.8044403404787,18.8720678190448,18.2427703575929,17.8653830354287,16.36128411252,18.0819865643319,17.0416563537879,18.4793468631322,18.1472530103887,NA,18.5839514141132,17.1099205333503,18.1872960842647,18.3887619402555,17.4680458611936,18.2271236523044,18.145722984083,18.7176302958062,NA,18.1789531257723,NA,18.3784760645576,19.1581718889389,17.8120903641886,18.0990957210906,18.3662306110463,16.671842081007,19.2882653348095,18.8458306840098,NA,17.9335689994071
"Malic acid 3TMS","Unknown",0.0023,7.268,16.5931323935426,16.8239018719695,16.9000087185969,16.6209211036401,16.1802554421317,15.7378394796633,NA,15.9296798677178,16.7435641375309,16.6254823930053,NA,16.7082768528512,17.0243642990983,NA,16.1294130597671,15.9817937017104,16.6153144011268,16.5672763547261,16.5486833149753,NA,16.650489715852,NA,16.7173710125247,16.3889638571618,16.0529240407398,16.6092462606694,16.2449377282943,16.0895641735935,16.6788337833203,15.7654519926729,NA,16.7118040099573
"Myo-inositol","Unknown",0.0051,10.75,16.4841213942585,15.9340417329568,16.4752175619141,16.284080698934,15.9018140510737,16.4341686693138,16.1542800123469,16.5683897867135,16.1269732590915,16.3343531473652,NA,16.1517518742747,NA,16.608506490551,15.9064205264413,16.1520353571154,16.2735571173483,15.9045316408664,16.5485556848461,NA,16.4665074697579,NA,16.1964934631856,NA,17.0505425095866,16.373401566022,16.0578073927032,16.8295184182331,15.9885183809467,16.2049490999087,NA,16.3409887416248
"","Unknown",0.0019,4.807,16.3326663990054,15.8009279624976,15.9123491524586,NA,NA,NA,NA,NA,NA,16.0295279919501,NA,NA,NA,NA,NA,NA,15.0593655153479,NA,NA,NA,17.3987410853584,NA,NA,NA,NA,14.9026316885622,NA,NA,NA,NA,NA,17.1991209693742
"","Unknown",0.0067,6.023,16.0149509921124,16.4328452916091,16.5861502307708,16.183347564869,16.3128970710276,16.4407851236215,16.3616844345894,16.039690907367,16.0492260662744,16.2167998083887,NA,16.17665597917,NA,16.2718926957826,16.0985005964437,16.0389640975931,16.1490489992704,16.0947345165431,16.2734441196824,NA,16.2886324784663,NA,16.2646141012406,16.5496023694273,15.8275482493282,16.0945437259571,16.093717746875,16.1366520418631,16.7417104523535,16.0510440104163,NA,16.4253512355482
"GABA 3TMS","Unknown",0.004,7.449,14.0103017612913,15.8233393226879,15.9521811466892,15.8360542008648,15.4987291315185,15.4657964869181,15.3259928338781,15.5932844508275,15.9337778054934,15.7295657532514,NA,16.2283313538488,NA,16.0228879809873,15.9483666738703,15.9690382555468,16.0012590872121,15.8959482989371,15.4463092871488,NA,15.7238729373007,NA,16.1144040031559,NA,15.7058102620587,15.9686547052296,15.7350729880276,15.6150575937741,16.1708139090201,15.1856616092932,NA,15.7943607367387
"Chlorogenic acid","Unknown",0.0021,17.26,15.1696165196331,17.1232273008884,18.0862661206021,NA,15.2466869398642,15.7471719048641,NA,17.0223073328731,15.8899767241033,NA,NA,NA,17.2314990873034,NA,NA,NA,NA,17.5121663334699,NA,NA,NA,NA,15.500973098637,16.8663415844331,16.8912375363444,NA,17.1736082569116,16.7758716466632,16.9840335722653,NA,NA,15.7986734161564
"","Unknown",0.003,9.14,15.3897991170824,NA,NA,NA,15.1193001672953,15.6510955397442,15.6328021026293,NA,NA,NA,NA,NA,NA,NA,NA,NA,NA,NA,15.0955940925555,NA,15.2286430104598,NA,NA,NA,NA,NA,NA,NA,NA,NA,NA,14.9236297784642
"L-Glutamic acid 3TMS","Unknown",0.0046,8.363,15.3989463814225,14.1417828058587,14.9308458177702,15.326683999782,NA,NA,NA,15.386363783303,15.3769580054352,15.2060832216088,NA,15.2591373371688,15.2959058792998,15.6698510699601,NA,15.6154304442217,15.126123952711,15.426053615015,15.7199131218254,NA,15.0331557536778,NA,15.2135309375193,15.4913989208203,15.9105520346337,15.1198392237951,15.6274255714956,15.5375273700851,14.6845422673663,14.0486554502419,NA,14.8313613806129
"","Unknown",0.0028,4.122,15.2971229936387,14.9189246620737,NA,15.6659194920582,15.3199596631159,15.6156231526459,15.3186686382398,15.0422110806552,15.583001557177,15.7195604170448,15.0876746895361,14.9665318358396,14.9668061389474,14.7510842206803,14.9371903867115,14.7934798347216,15.0590246126983,NA,15.3031182211601,15.0876746895361,15.2997103873817,NA,14.9092932285093,15.0116861918543,14.5810463022155,14.819394831181,14.7594381073562,14.9500564051167,14.3617700592585,14.6032434431366,NA,15.1269582700081
"","Unknown",0.0064,5.882,14.8412252283027,NA,NA,NA,NA,14.9817844599486,NA,15.1061424809939,NA,NA,NA,NA,NA,NA,NA,NA,NA,NA,NA,NA,NA,NA,NA,NA,NA,NA,NA,NA,14.9943798877543,NA,NA,15.1512666074001
"Valina 2TMS","Unknown",0.0075,4.406,14.8245941411877,14.5706563886296,14.703905884693,14.8068245192305,NA,15.4398823309377,14.8758367530892,14.6356551070951,14.8506752007816,NA,NA,14.7270802752578,NA,15.2519798455537,15.0936542238882,14.9387178225072,14.6562117299858,14.9132903753145,15.0837197684302,NA,14.6325783669333,NA,14.825620184587,13.9175250723522,14.5552414775383,14.668781859626,14.4014320346405,14.227765999469,NA,15.0177557697203,NA,14.6520921225085
"","Unknown",0.003,12.978,14.783086631473,14.3656698254725,NA,15.0676362104597,14.62548637599,14.8184644194266,15.2061475327094,14.6585093910443,14.8702899215153,NA,NA,NA,14.4482738521789,15.0742314852863,14.8456577953792,15.0890884890151,15.0226934462257,14.7246923063676,15.1511758883781,NA,15.0875800150564,NA,NA,NA,14.5846301266408,14.95103227705,14.896986294918,14.7479139808931,NA,15.0163135056844,NA,14.7117793005993
"","Unknown",0.0042,5.995,14.673689180606,15.1937146522245,14.8081773727845,14.6297996543488,14.8160411193865,14.9599675693927,14.783121340533,14.919866971059,14.3237227743047,14.7393595122445,NA,14.3934915675409,NA,14.3568239906522,14.6711388407623,NA,14.5887157542259,14.5185934581693,14.4850424745331,NA,14.8970831483613,NA,14.4978735331997,14.6393322360158,14.5475840557573,14.7790066111367,NA,NA,14.8020640965221,14.4362501833684,NA,15.0335488293042
"FAME C09","Unknown",0.0025,5.285,14.4569404899704,NA,14.6099931774181,14.5490860485117,NA,14.4868221473518,NA,14.6899087562799,14.6019159459393,14.5787113813419,14.5328397887519,14.5091065968486,14.7286341359039,NA,14.64069597222,14.4012714386834,14.4656540666683,14.4096669555374,14.2479549450866,14.5328397887519,14.3612583037473,14.5328397887519,14.5674772485202,14.5638152982401,NA,NA,14.4482069402034,14.6035336295833,14.600477019582,NA,14.4598518701847,14.5139747949919
"FAME C10","Unknown",0.0038,6.269,14.3919462637274,14.6821720120668,14.4375379467743,14.4556624112377,14.3684392159104,14.3318144680155,14.3172033887794,14.5031891813704,14.4399072937546,14.5445713463789,14.4154771397614,14.4205644579765,14.6060889919377,14.3310306206278,NA,14.3262653905643,14.4051413304428,14.2956221235832,14.1427219392293,NA,NA,14.4154771397614,14.5470843530709,14.4620256007031,14.3174623040567,14.3525107523774,14.3341995607874,14.4561874363574,NA,NA,14.4154771397614,14.3234918374918
"Ethanolamine 3TMS","Unknown",0.0015,5.899,14.278933154263,14.486427704448,14.3134303978595,14.4443801548051,14.4468749135564,14.3885706461626,14.3047243137604,14.6905604831947,14.5470190045178,14.4496661713146,NA,14.4947428326783,NA,14.4548440625813,NA,14.537709966774,14.4663298127024,14.5023399985701,14.2632281716973,NA,14.5528082269093,NA,14.6197456798759,NA,14.6108489763467,NA,NA,NA,14.8335232676353,NA,NA,14.5925048493605
"","Unknown",0.0028,5.501,14.2822523773818,NA,NA,NA,13.1127844072622,12.9191365562114,13.1701071107797,NA,NA,NA,NA,NA,NA,NA,NA,NA,NA,NA,13.0113123007057,NA,NA,NA,NA,NA,NA,NA,NA,NA,NA,NA,NA,NA
"Palmitic acid TMS","Unknown",0.0024,11.45,13.705968154967,NA,13.4122850723542,13.6817405519331,NA,13.0648724034157,13.2075707199767,NA,NA,14.0805414286448,NA,13.6831231454979,NA,13.0952269339174,13.4560356487035,NA,NA,13.7086214893599,12.9342815539631,NA,NA,NA,NA,NA,13.6149380763766,NA,NA,NA,NA,13.1404692070779,NA,NA
"FAME C16","Unknown",0.0067,11,13.5187027386959,13.7090169438059,13.5519493686955,NA,NA,13.2507145879154,NA,13.5106932590431,13.5063783409706,NA,NA,13.5628117868851,13.7951086106062,13.5517704176199,13.4664457694544,13.6804561514333,13.5820186624511,13.3898964976964,NA,NA,13.7202451136197,NA,13.6635158472064,13.6918838553117,NA,13.4030509528454,13.5732378917125,13.6109738193289,13.7261068432202,NA,NA,13.3647861083542
"Quinic acid nTMS ","Unknown",0.0035,9.509,13.4628363227247,NA,NA,NA,13.0541647567796,13.7325383350046,NA,NA,13.1504068912283,NA,NA,13.1138549699989,NA,NA,13.0513466778036,NA,NA,NA,NA,NA,NA,NA,13.0083896418756,NA,NA,NA,NA,NA,12.460450476451,NA,NA,NA
"Leucine 2TMS","Unknown",0.0042,4.977,13.0468572204025,NA,12.8802760566857,12.816406376411,NA,NA,13.2450815048093,NA,13.1496934942945,12.8151658675175,NA,12.9291299191001,NA,NA,13.1359691617045,NA,12.8956905648322,NA,NA,NA,12.8920541548145,NA,13.2120970115388,NA,NA,NA,NA,NA,12.2799654633829,NA,NA,NA
"Isoleucine 2TMS","Unknown",0.004,5.213,13.02360070983,NA,NA,12.6540213825682,NA,13.4720024538288,13.0638227895727,NA,13.0792188363541,12.7624280298487,NA,NA,NA,NA,NA,12.8834347804769,12.771066718535,NA,13.2180913051796,NA,12.7328841053906,NA,12.9498420530586,NA,12.0980132377361,12.8263787150245,NA,11.6653332159109,NA,NA,NA,13.0416694808435
"Serine 3TMS","Unknown",0.001,5.87,12.8152700561168,NA,NA,NA,NA,12.6705752878325,NA,NA,NA,NA,NA,NA,NA,NA,NA,NA,NA,NA,NA,NA,NA,NA,NA,12.6340970301117,NA,12.9361638392447,13.023766780169,12.6940098806514,13.0962972056887,NA,NA,13.0424013684727
"Aspartic acid 3TMS","Unknown",0.0054,7.54,12.8314759239992,NA,NA,NA,NA,NA,NA,NA,NA,NA,NA,NA,NA,12.8853143983528,NA,NA,NA,NA,NA,NA,NA,NA,12.9249272785891,NA,NA,12.8604799095549,NA,NA,NA,13.0851768987295,NA,12.8999546211856
"Stearic acid TMS","Unknown",0.0039,12.666,12.6783717849599,NA,12.4214405693526,NA,NA,12.266901748389,12.2664457493297,12.4380881387582,12.567064320544,12.9976823583787,NA,13.0049760516024,NA,NA,12.6098861485097,NA,13.0886791440665,12.8117173243417,NA,NA,13.4886018991498,NA,NA,NA,12.7690950936638,13.0377675607633,12.8684170459015,12.986068988286,NA,12.148100727699,NA,13.2274494900004
"","Unknown",0.0042,3.72,12.9435037162771,NA,NA,NA,13.0352395816326,13.5725227397568,13.940810013056,NA,NA,NA,NA,NA,NA,NA,NA,NA,NA,NA,13.0674059575162,NA,13.0062695300821,NA,NA,NA,NA,NA,NA,NA,NA,NA,NA,NA
"","Unknown",0.0038,9.745,12.4677447952672,NA,NA,12.2293091651857,NA,NA,NA,13.0991142223966,11.8220682896528,12.3144858184938,NA,NA,NA,NA,NA,NA,12.2039387784968,NA,NA,NA,12.6067869418445,NA,11.8046818866979,NA,13.8749568323354,11.7423171377237,NA,NA,NA,NA,NA,12.2869205559026
"FAME C18","Unknown",0.0034,12.276,12.3777317510167,12.3773923377016,12.2689385074946,12.3447249089335,12.1852421106201,NA,12.2545440071296,12.1246385329765,NA,NA,NA,NA,12.5977918086084,NA,NA,NA,NA,12.1770838023866,NA,NA,NA,NA,12.5358835477057,NA,NA,NA,12.514166226498,NA,12.6734410136685,11.8926104029652,NA,12.3194043771028
"","Unknown",0.0036,4.696,11.6293017258538,12.2929775891855,11.5685738110304,11.4882109584976,11.7870795353122,11.8202071907009,11.6917577787377,11.6772916506794,NA,11.6133470315254,NA,NA,NA,11.714902802469,NA,NA,11.647298804102,11.520330234612,11.6950845737452,NA,NA,NA,11.8554760995443,12.0414360039372,11.8658631996909,11.6820633397058,12.0356398134217,11.7163423916458,NA,11.6829140459821,NA,NA
"L-Threonine 3TMS","Unknown",0.0022,6.038,11.9805919385844,NA,NA,12.1700540919973,12.3369787419242,NA,NA,NA,12.3099531529401,NA,NA,12.2075486659743,NA,12.470533942884,12.4123662865279,12.2250419988204,12.1780201438048,12.4017929060006,NA,NA,12.2275599961568,NA,12.244438681075,NA,12.2410529959644,12.0998133786443,NA,NA,NA,12.7997315060517,NA,12.2143309412769
"","Unknown",0.005,17.136,11.8522412491309,NA,NA,NA,NA,11.5672525728176,12.1955349334109,NA,NA,11.9754688114409,NA,NA,NA,12.3415587621397,11.5053362657597,11.5337871998476,NA,NA,12.1470519268365,NA,11.7587287250505,NA,11.7462671760046,NA,NA,11.8046650989225,NA,NA,NA,NA,NA,NA
"FAME C24","Unknown",0.001,15.574,11.7822967166587,11.8321951876901,11.7145759284717,11.7895556983055,NA,NA,NA,11.602381241371,NA,NA,NA,NA,NA,11.4906547686596,NA,NA,NA,NA,NA,NA,NA,NA,11.7554209607812,11.9814281401939,11.8831189873931,11.6709490049916,11.8876375749735,11.7236531981674,11.9273096300318,NA,NA,NA
"","Unknown",0.0033,15.364,10.8219149854931,NA,NA,NA,NA,NA,10.6046979471135,NA,NA,10.1444989553777,NA,9.82343121844533,NA,NA,10.1766916469859,NA,NA,NA,10.887523713718,NA,9.89561645142364,NA,NA,NA,NA,NA,NA,NA,NA,NA,NA,NA
"1-Piperidinecarboxaldehyde","Unknown",0.0027,5.723,9.47113467899098,NA,NA,9.46691322481265,NA,NA,NA,NA,NA,NA,NA,NA,NA,NA,NA,NA,9.05439295173522,NA,NA,NA,NA,NA,NA,NA,NA,NA,9.51080479254638,NA,9.29705076955829,NA,NA,NA
"","Unknown",0.0054,12.072,9.46042996893348,NA,NA,NA,NA,NA,NA,NA,9.75597547064774,9.99632166604691,NA,NA,NA,NA,NA,10.0583854400289,NA,NA,NA,NA,NA,NA,9.85257608721433,NA,NA,NA,NA,NA,NA,NA,NA,9.88930672091755
"Aconitic acid 3TMS","Unknown",0.0041,9.567,NA,19.9036448846691,19.9720144799127,NA,NA,NA,NA,19.9938440122812,19.584688665951,NA,NA,19.5658723776199,20.2934761546969,20.0508015575543,NA,NA,NA,19.9049424006334,19.7983570474645,NA,NA,NA,19.6201408803895,20.0144200877081,20.2872600838322,NA,20.1918447336941,20.4815749591267,19.7061483524408,NA,NA,NA
"Phosphate 3TMS","Unknown",0.0029,5.447,NA,17.2023117665149,17.6427524505983,14.8638705007875,14.3866555501237,NA,NA,16.9699213780781,14.863040656244,14.9221513795613,NA,15.0756242844918,16.3877810537308,NA,NA,NA,15.2606310348839,16.993116455882,NA,NA,NA,NA,14.9363861427276,16.4614122187408,16.9527486440942,15.099332507862,16.8899711375925,16.6328902079929,17.2936134900414,NA,NA,NA
"","Unknown",0.0036,9.527,NA,16.1878396134539,17.0176716452153,NA,NA,NA,NA,17.917358757262,17.7559359511245,NA,NA,17.7847582012655,17.2146076626443,17.7457011976361,NA,NA,NA,17.5537961963341,17.6991128429118,NA,NA,NA,17.8491950396205,17.5429369022724,17.6747421075658,NA,17.5737142403442,17.8177690783233,17.2503467958676,NA,NA,NA
"Asparagine 4TMS MP","Unknown",0.0048,7.678,NA,15.4334042441936,NA,NA,14.739521988788,NA,14.6100707428399,14.686869135171,NA,14.1983091532068,NA,NA,NA,NA,NA,NA,13.9193961456719,NA,14.1419805203502,NA,NA,NA,NA,NA,NA,NA,NA,NA,NA,14.9122866569579,NA,14.4479066458681
"Aspartic acid 3TMS","Unknown",0.0036,7.54,NA,15.3282714502911,NA,NA,NA,NA,NA,NA,NA,NA,NA,NA,NA,NA,NA,NA,15.0607101874507,15.2912424648529,NA,NA,15.1537944224926,NA,NA,NA,NA,NA,NA,NA,14.9951410380439,NA,NA,NA
"","Unknown",0.0043,11.031,NA,15.1183430593779,15.2171801975508,NA,15.3377639014589,NA,15.5636748381014,15.1198521902809,15.2405409639012,15.6363068467906,NA,NA,14.3726880199636,15.3718062357641,15.6386563778034,15.424463121874,NA,15.0532133744514,15.7037824284707,NA,NA,NA,15.3852650892985,15.0539253521325,NA,NA,NA,NA,NA,16.0044304433924,NA,15.6610254899929
"","Unknown",0.0033,17.488,NA,14.8293815125702,15.3532817143255,14.5739917540011,NA,NA,NA,14.9142853405878,14.4397394575953,14.5628550730706,NA,NA,14.9290785438383,NA,NA,NA,14.3241562600042,NA,NA,NA,NA,NA,14.013113323369,15.0049453468902,15.0197249562209,14.3028319408682,NA,NA,NA,NA,NA,NA
"FAME C08","Unknown",0.0043,4.231,NA,14.7825940404738,14.5920514393051,14.7280468941765,14.6746211627151,14.6268313127476,NA,NA,14.5994775787127,14.7216747535079,NA,14.5686963606171,NA,14.5480107661925,NA,14.4834473746492,14.4977762422177,14.3543150835255,NA,NA,14.5324819680421,14.5961031552819,14.6694252280047,14.6237653096177,14.4035278913209,14.5765713316319,14.4126676333197,14.5683295431427,14.6842702131208,NA,14.5961031552819,14.6127300709124
"FAME C12","Unknown",0.004,8.033,NA,14.3718334885863,NA,14.1862650200911,NA,NA,NA,14.2059359734041,14.1086901681132,NA,NA,14.1449045536029,14.3801736087244,14.0707893017205,14.0789279808743,14.1613860309199,14.1353226008237,NA,NA,14.1761615885396,14.2396525196646,14.1812333812751,NA,NA,14.0152488720859,NA,14.1354703003775,14.1050691299744,14.3974930104368,NA,14.18207489987,NA
"","Unknown",0.0051,3.17,NA,13.8815383603214,NA,NA,12.2458521863154,NA,12.0986616867444,NA,NA,NA,NA,NA,NA,NA,NA,NA,NA,NA,11.9199584904562,NA,NA,NA,NA,NA,NA,NA,NA,11.6545044980717,NA,11.5303521301735,NA,NA
"Palmitic acid TMS","Unknown",0.0028,11.455,NA,13.6832293397691,NA,NA,NA,NA,NA,NA,NA,NA,NA,NA,13.6835363297895,NA,NA,NA,14.0535580367594,NA,NA,13.9768297030497,14.7621519444411,13.9759426106371,NA,13.8148613321133,NA,14.0364910589291,NA,NA,14.0762489236324,NA,13.9757856622659,14.0487726138954
"","Unknown",0.0028,4.569,NA,13.3582524258624,13.4304926682406,NA,13.3830589243965,13.3636438561241,NA,13.4635586518466,NA,13.3947988883708,NA,13.3719278181845,NA,13.3800517235947,13.4253893226897,13.3328225413697,13.3802602060012,13.1183102872351,13.267487849336,NA,NA,NA,13.5233710958339,13.500806245632,NA,13.3405848238253,NA,13.4267523975051,NA,NA,NA,13.4584550602693
"Leucine  2TMS","Unknown",0.0048,4.98,NA,13.0954727515579,NA,NA,14.0059446942832,13.9235588477852,NA,NA,NA,NA,NA,NA,NA,14.2261834002292,NA,NA,NA,13.8218181072834,13.8921316529178,NA,NA,NA,NA,NA,NA,NA,NA,NA,NA,NA,NA,NA
"Asparagine dehydrated  2TMS","Unknown",0.0019,8.147,NA,12.9000721160421,13.4631097984714,14.1445249262605,NA,NA,NA,12.857317756364,13.9373452004964,14.2466337959615,NA,12.6962427475959,NA,13.4265183447056,13.4824138814133,13.6647612233759,13.8003965165865,12.8529872274049,13.9575021865969,NA,14.2253353774242,NA,13.2191619731593,12.5829770177837,NA,13.8174720565512,13.2816508276621,NA,NA,NA,NA,13.9671489459465
"","Unknown",0.0061,4.425,NA,12.4486413415657,12.6542771073218,NA,12.6942544531838,12.5251375425641,12.4593256927767,12.5785895134341,11.2276108463685,NA,NA,11.2660592873783,NA,11.3050196912307,12.0433300016731,NA,NA,11.3917776430007,12.0524688182266,NA,NA,NA,NA,NA,NA,NA,12.0681106193642,12.3926989882426,NA,NA,NA,11.8025031698685
"b-Alanine 3TMS","Unknown",0.004,6.483,NA,10.8840244900252,NA,11.1432751027743,10.9581589132999,11.135796387417,10.8293501540219,11.7183999184012,11.1533335791789,11.2524859659614,NA,NA,NA,11.3033299371167,10.8396052254705,11.6110955624433,NA,NA,11.4900039551598,NA,11.2166773369359,NA,11.1294632923225,NA,NA,NA,NA,NA,11.394365160748,11.2473714136822,NA,NA
"","Unknown",0.0025,12.726,NA,9.89745379201106,NA,10.5786855025661,NA,10.3022258697804,10.4176599331533,NA,10.4901487875326,NA,NA,NA,NA,NA,10.4434690305107,10.6227472211062,NA,9.94333062074671,NA,NA,10.6120932751639,NA,10.6278422821491,NA,NA,NA,NA,10.3102010644611,NA,NA,NA,NA
"","Unknown",0.0068,7.699,NA,9.91937336461852,NA,NA,9.55038094509951,9.85832534792795,NA,NA,NA,NA,NA,NA,NA,NA,NA,9.36590174538009,NA,NA,9.85299280918898,NA,9.68346018784737,NA,NA,NA,NA,NA,NA,NA,NA,NA,NA,NA
"Asparagine 4TMS BP","Unknown",0.005,7.89,NA,NA,15.4552467643049,15.4333935154908,15.8184827889256,14.935497547598,15.8297808776958,NA,15.8283535927137,15.3082860655967,NA,16.1140644948001,NA,16.3867824982585,16.77887061005,15.5707542106661,16.2654035328532,16.6615302134472,15.8814562014273,NA,14.795124999432,NA,15.5712047674987,15.9386356799789,15.5492190626791,16.0439525399295,15.9510663631012,14.9730268785955,15.797379494484,17.6059998700311,NA,15.3779108234669
"Serine 3TMS","Unknown",0.0077,5.88,NA,NA,14.8104027016503,15.0267692841544,15.3673648459095,NA,15.3325745527707,NA,NA,15.0842595057506,NA,15.0782209012236,NA,14.9750761997264,NA,15.093231930211,15.0299908367689,15.0327716412675,15.5003166898819,NA,15.0617626285676,NA,NA,NA,15.0287700424801,NA,NA,NA,NA,NA,NA,NA
"","Unknown",0.0051,15.709,NA,NA,14.4521148231271,13.8899871525937,NA,NA,NA,14.0344729597581,13.7513518245058,14.0477444599427,NA,NA,14.1920728677363,NA,NA,NA,NA,14.4753194802612,NA,NA,NA,NA,NA,14.3382394333885,NA,NA,13.9778631343955,14.119196332298,NA,NA,NA,NA
"Quinic acid nTMS ","Unknown",0.0038,9.504,NA,NA,12.9405838304503,13.0762048478224,NA,NA,NA,14.3483272948403,NA,13.0880353128689,NA,NA,NA,NA,NA,NA,13.0031694061678,13.8077748237584,NA,NA,13.1647098852781,NA,NA,13.5580520410717,14.282550175888,12.8861534679426,13.9466099727066,14.4538656917648,NA,NA,NA,12.9630067793792
"FAME C20","Unknown",0.0029,13.46,NA,NA,11.9496799705058,NA,11.827100881574,NA,11.7242727842275,NA,12.0368971689161,NA,NA,12.1266836853296,NA,NA,NA,12.0846326434298,NA,12.0504500215652,11.8608470074155,NA,12.1265274140222,NA,12.2064732064731,NA,NA,NA,NA,NA,12.3500795624563,NA,NA,11.9793148746875
"","Unknown",0.0023,5.498,NA,NA,12.0909945240721,NA,NA,NA,NA,11.8006432937255,NA,NA,NA,NA,NA,NA,NA,NA,NA,11.3767060098479,NA,NA,NA,NA,NA,NA,NA,NA,11.459826590392,11.8186686987908,11.5604514563873,NA,NA,NA
"","Unknown",0.0041,16.093,NA,NA,11.8084124930139,NA,10.5246636003668,10.7093445065232,NA,11.4310491528288,11.8554658602196,NA,NA,NA,NA,NA,NA,10.826230294229,11.7554621126314,12.0068252392205,NA,NA,NA,NA,NA,NA,NA,NA,NA,11.4745135812405,NA,11.3632920295982,NA,NA
"","Unknown",0.0043,4.618,NA,NA,11.6619652111633,NA,11.9486494020107,12.0298690330257,NA,NA,11.8235414479072,11.7725010842794,NA,11.7677293030647,NA,11.8998873616871,12.1001484682892,NA,11.550197608397,12.0009953247589,11.6410488918505,NA,NA,NA,NA,11.8640048770378,NA,NA,11.5859940194094,NA,NA,NA,NA,11.6960459582922
"","Unknown",0.0038,10.675,NA,NA,10.6646736917353,NA,NA,NA,11.0404601544907,NA,NA,NA,NA,NA,NA,NA,NA,10.4683762836388,NA,10.5053151799052,10.2509179863651,NA,NA,NA,NA,NA,NA,NA,NA,NA,NA,NA,NA,NA
"","Unknown",0.0031,5.683,NA,NA,9.79610945093305,NA,NA,10.1065604925844,10.0228749245274,10.0886104682131,10.233317408978,10.134969634822,NA,10.3500852785815,NA,10.0360227102575,10.1025997587091,10.2000986148018,NA,10.0629930493496,NA,NA,10.1235943686833,NA,10.5461821863852,NA,NA,NA,NA,NA,NA,10.3294002175608,NA,NA
"Fructose","Unknown",0.0116,9.538,NA,NA,NA,19.2556697495573,NA,NA,19.3641841562397,NA,NA,19.2534305549644,NA,NA,NA,NA,19.31405839212,19.6529457630732,19.2711857377783,NA,NA,NA,19.3840564697851,NA,NA,NA,NA,19.3158266190303,NA,NA,NA,19.5270792177203,NA,19.3925333595113
"Aconitic acid 3TMS","Unknown",0.0024,9.567,NA,NA,NA,18.0928438434201,NA,NA,17.5076590374803,NA,NA,17.9470871297217,NA,NA,NA,NA,18.053518073184,17.757546081991,18.0663034009267,NA,NA,NA,17.7883457865224,NA,NA,NA,NA,18.0466846967818,NA,NA,NA,17.7764972495853,NA,17.67734760358
"Chlorogenic acid nTMS ","Unknown",0.004,17.263,NA,NA,NA,16.1857021979361,NA,NA,NA,NA,NA,16.1310746682197,NA,15.7971802869149,NA,15.0793053521625,NA,NA,15.9962252049028,NA,NA,NA,15.8972704000309,NA,NA,NA,NA,NA,NA,NA,NA,15.167221261071,NA,NA
"","Unknown",0.0052,3.721,NA,NA,NA,13.4854136422002,NA,NA,NA,13.9454864775752,14.7516430476391,NA,NA,NA,NA,14.3622570754583,NA,13.8270458957998,14.7556830181035,15.8166270245972,NA,NA,NA,NA,15.037396676359,15.4871850657802,14.9333013990798,15.0545093634882,14.9436498513964,14.7210504231894,15.2281993906265,NA,NA,12.6801835182962
"Aspartic acid 3TMS","Unknown",0.0012,7.535,NA,NA,NA,12.9347784120169,NA,NA,11.9078843679753,NA,12.8874615389962,NA,NA,13.0381267895872,NA,NA,NA,NA,NA,NA,12.2670744223098,NA,NA,NA,NA,NA,NA,NA,NA,NA,NA,NA,NA,NA
"","Unknown",0.0041,5.498,NA,NA,NA,12.2898960121801,NA,NA,NA,NA,11.6447364891104,12.4883642301239,NA,NA,NA,NA,12.0525207701196,12.203763529156,NA,NA,NA,NA,NA,NA,NA,NA,NA,NA,NA,NA,NA,NA,NA,NA
"Oxalic acid","Unknown",0.0051,3.539,NA,NA,NA,12.2110582903555,NA,NA,NA,12.3061548130489,11.8771846244438,NA,NA,11.8015234584153,NA,12.1009475629259,12.289034820485,NA,12.1054384022564,NA,NA,NA,NA,NA,11.93811691086,NA,12.0794668173638,12.2361079073081,12.2384454440888,NA,NA,NA,NA,NA
"","Unknown",0.0048,6.843,NA,NA,NA,11.8860384638435,NA,10.890481581301,NA,NA,11.9288905618086,NA,NA,11.0531336491553,NA,11.1990198800571,11.5517609971523,NA,11.7818073485117,NA,NA,NA,11.5775536918102,NA,NA,NA,NA,11.8820006181904,NA,NA,NA,NA,NA,NA
"Lysine 4TMS","Unknown",0.0045,10.114,NA,NA,NA,11.2252566386001,NA,NA,NA,NA,11.2871926460761,NA,NA,11.4592719601256,NA,11.39208528097,NA,NA,NA,NA,NA,NA,11.3238573919866,NA,11.203629821628,NA,NA,NA,NA,NA,NA,NA,NA,10.9374441920516
"","Unknown",8e-04,4.87,NA,NA,NA,8.97336885303072,NA,NA,NA,NA,NA,NA,NA,9.35818243333913,NA,NA,NA,NA,NA,9.82766923694385,NA,NA,9.40173401988809,NA,9.43298850945293,NA,NA,NA,NA,NA,NA,NA,NA,NA
"Raffinose","Unknown",0.0039,16.946,NA,NA,NA,NA,15.0920603970515,NA,14.1415286398712,NA,NA,14.7602673436972,NA,14.2523263470537,NA,NA,14.1929425130701,NA,14.8021567534583,15.2849826915029,NA,NA,14.6285336272792,NA,14.349490630642,NA,NA,14.5824435296162,NA,NA,NA,15.5260278353347,NA,NA
"Maleic acid 2TMS","Unknown",0.0049,6.139,NA,NA,NA,NA,14.8057035850001,14.6494510526716,14.6369077673979,NA,NA,NA,NA,NA,NA,15.7945929593585,NA,15.0880446586062,NA,NA,15.3130444108725,NA,NA,NA,NA,NA,NA,NA,NA,NA,NA,NA,NA,NA
"Isoleucine 2TMS","Unknown",0.003,5.213,NA,NA,NA,NA,13.9949888122466,NA,NA,NA,NA,NA,NA,NA,13.4105876708654,13.9861495417912,NA,NA,NA,13.9075735981482,NA,NA,NA,NA,NA,NA,NA,NA,NA,NA,NA,13.9780159944657,NA,NA
"Glycine","Unknown",0.0051,5.314,NA,NA,NA,NA,12.2607562297627,12.6749570909326,12.0102100563847,11.1241038022603,11.8228258550311,11.7687044003493,NA,NA,NA,11.9026705691054,12.1630240159002,11.6869769222127,11.9040015244212,12.1571212369613,11.8788854867064,NA,11.7930371697553,NA,NA,NA,NA,11.7562503993694,11.5382678857268,10.6652944658907,11.7621187144226,12.3908804573151,NA,11.8562087306652
"1-Piperidinecarboxaldehyde","Unknown",0.0032,5.722,NA,NA,NA,NA,9.34680716974756,9.28706910699574,8.87450425396185,NA,NA,NA,NA,NA,NA,NA,NA,9.06415095825628,NA,NA,8.70889956625096,NA,NA,NA,NA,NA,NA,NA,NA,NA,NA,8.78354564059507,NA,NA
"Putrescine 4TMS","Unknown",0.003,8.52,NA,NA,NA,NA,NA,NA,11.2126239611985,10.4613380246989,11.0827904347863,NA,NA,11.1361577501695,NA,11.662085976991,NA,12.0185910012968,11.1667400631955,NA,NA,NA,11.0437115473492,NA,11.2321093231644,NA,NA,NA,11.0060204007268,NA,NA,11.837977018476,NA,NA
"Aspartic acid 3TMS","Unknown",0.0044,7.539,NA,NA,NA,NA,NA,NA,NA,15.6260839425772,NA,NA,NA,NA,NA,NA,NA,NA,NA,NA,NA,NA,NA,NA,NA,15.87873468224,15.8956471884918,NA,16.1234224934992,15.6206488374209,NA,NA,NA,NA
"Allantoin 4TMS","Unknown",0.0028,10.537,NA,NA,NA,NA,NA,NA,NA,NA,14.6131468583002,NA,NA,14.7597858151272,13.8120483552807,NA,14.8512550984094,15.0508549891994,NA,NA,NA,NA,NA,NA,14.6641264062453,13.8763139291964,NA,NA,NA,NA,14.1321216563439,15.0274277999814,NA,NA
"","Unknown",0.004,6.135,NA,NA,NA,NA,NA,NA,NA,NA,13.0837225021123,14.0234153948987,NA,NA,NA,NA,13.0248602763735,NA,13.6551366439434,NA,NA,NA,NA,NA,13.1169981275285,NA,NA,13.5197807695331,NA,NA,NA,13.4402499386257,NA,NA
"","Unknown",0.0031,4.752,NA,NA,NA,NA,NA,NA,NA,NA,11.6006042078289,NA,NA,NA,11.4907788032428,NA,11.8170195723777,NA,11.6926475874704,NA,NA,NA,NA,NA,NA,11.5505837509499,NA,NA,NA,11.5000915064687,NA,NA,NA,NA
"2-hydroxypyridine","Unknown",0.0032,3.207,NA,NA,NA,NA,NA,NA,NA,NA,9.92705311752994,10.93562389584,NA,NA,NA,10.9424640420134,10.8532365651872,NA,NA,NA,NA,NA,11.1212138807275,NA,NA,NA,10.4853928789204,NA,NA,NA,NA,NA,NA,11.2867220551211
"","Unknown",0.004,6.37,NA,NA,NA,NA,NA,NA,NA,NA,NA,10.4333145344568,NA,10.5981000022824,NA,10.300716607507,10.3852069475916,NA,NA,NA,NA,NA,10.4439521907112,NA,NA,NA,NA,NA,NA,NA,NA,NA,NA,10.6142907069481
"","Unknown",0.0036,6.134,NA,NA,NA,NA,NA,NA,NA,NA,NA,NA,14.4557941023946,NA,14.6759993639495,NA,NA,NA,NA,NA,NA,14.268162869758,NA,14.3950889018514,NA,NA,NA,NA,NA,NA,NA,NA,14.4557941023946,NA
"","Unknown",0.003,15.699,NA,NA,NA,NA,NA,NA,NA,NA,NA,NA,NA,12.2136136729636,NA,NA,NA,NA,12.4472885706345,NA,NA,NA,NA,NA,12.0504955248643,NA,12.633229486303,NA,NA,NA,NA,NA,NA,12.1124060361293
"","Unknown",0.0014,8.727,NA,NA,NA,NA,NA,NA,NA,NA,NA,NA,NA,8.87867620302016,NA,NA,8.94715890524198,NA,9.02292561598685,NA,NA,NA,NA,NA,8.53661115355064,NA,NA,8.79159375281654,NA,NA,8.81022848813433,NA,NA,NA
"Oxalic acid","Unknown",0.0044,3.545,NA,NA,NA,NA,NA,NA,NA,NA,NA,NA,NA,NA,12.4230385418544,NA,NA,NA,NA,NA,13.3014141814468,NA,12.8330291246054,NA,NA,NA,NA,NA,NA,NA,12.1050321852711,12.7246539763696,NA,12.8446719401589
"Tyrosine 3TMS","Unknown",0.0039,10.822,NA,NA,NA,NA,NA,NA,NA,NA,NA,NA,NA,NA,12.2858777065925,NA,12.1480648132181,NA,11.9703666617621,12.7406556531609,NA,NA,NA,NA,NA,11.6794720598941,NA,NA,NA,NA,NA,NA,NA,NA
"Phosphate 3TMS","Unknown",0.0034,5.448,NA,NA,NA,NA,NA,NA,NA,NA,NA,NA,NA,NA,NA,11.9046130234348,NA,11.8263256196083,NA,NA,NA,NA,14.0023863681067,NA,NA,NA,NA,NA,NA,NA,NA,12.209072629141,NA,13.8303974654327
